title,link,published,Date
"AAPL, AMZN, or META: Which Tech Giant’s Stock Is the Most Attractive Pick After Recent Results - TipRanks",https://news.google.com/rss/articles/CBMivAFBVV95cUxONlYtc1VOQThEbHZvOHlDV0UxemoxLV9WcnRGdzdzVzBIV0lkODhkQlhLcWt6Rkw3SmQ3YlcxWlNiMFpLVjdEdC1LQnp4NndKQ1Q2c2pweTJkcmlQNU52VnVzZGxRdjRYcDR5SUg4VlZjV2xUSEh3ZVVyZnhQb0hwd1ZtTWJveGZGaEk1VnZoRXVaSkpGZWVKZG9XUEZlcjl2ZXVVVl8ySWpVM0RZTVBVc2cyMy0yQy1WakRDZg?oc=5,2025-05-05 14:25:14,2025-05-05
"Tech Researcher Says That Apple Inc (AAPL) Is Well-Positioned, Stock Is a Buy - Yahoo Finance",https://news.google.com/rss/articles/CBMiggFBVV95cUxQSG5uSEJKT2hiZmhQVlJ5YVZ2dENCSl83cjhmclRETm1FUzhDVTJiTmZYRHNEeUJOSHhPZDFSVVBGSmtySElNc3A0bm9nSURmSUVVSDVNUGhBYTZKSFByODY0QWZUN291LUQ0aXJsT2prZHhSdXUyaXNpNmF5YVdqa25B?oc=5,2025-05-06 16:49:27,2025-05-06
Apple Stock Is Still Falling. Will Warren Buffett Sell More? - Barron's,https://news.google.com/rss/articles/CBMie0FVX3lxTE4tX2E1c3haV3ZZQjZOYXM0cUNjSUZyR3lkR0xtWXhsd0djcTZGaHVKSHotUXdiLTV4aDNfVWdOUnpydk9CeTFkM2xCMGt1Q3A4NXhSNTc2ZHNhVG9ZdC1pQzBFdThrVHY3RFFqWThlMW1QakhBT3VNNy1xOA?oc=5,2025-05-05 19:25:00,2025-05-05
Apple (NasdaqGS:AAPL) Faces Legal Challenges and Unveils US$100 Million Fixed-Income Offering - simplywall.st,https://news.google.com/rss/articles/CBMiuwFBVV95cUxPX0JDMnZOdGdmREhTZGFqTXdCdUlPS3pzRVYyM0dpT1RveXRuYWJuNmdReFRwUE45dmpPN0R2Tncyel9ZSTA3UGY0MDFRNnNiSkJwQWFyRl9MUkh0WnJvcG1UVUdCYmpya0IxVzhHQXJIWFc1WDMyMUlqQV9JY0FZOWVWQ25Vd0JuTW15b01MLUNkRElUdGdUY1RrZm5XVlNublRoSXJES19mQkdmQ3RKRm1zRURlbEpmZk040gHAAUFVX3lxTE5uM0plUDlBanlGUFh4a2tpaEs0aXJJbHlmbVlPNFZhN3ZfWTk2S1FIZGUtS0ZWQVB4SVNoSURDU1VRVlFRMjFEcDhoU05jbkh0YnBLMm4wUl9vOGFTSWV1b1B1d09STEVJUnFhMmpUNmRwMkZHcEJpc2R4aG1iRWF3M1BONzVNNk1lTjJuZGJlX2M1c3hSR2VOeXFTU1lRU2tjSnI1QnpPWTR1dUhscl9lU25mWVpudTdiVTN2b29XMA?oc=5,2025-05-06 17:49:37,2025-05-06
Apple: It's Not Too Late To Buy This Turnaround - Seeking Alpha,https://news.google.com/rss/articles/CBMijwFBVV95cUxNZFZCdDdHclhES3puYUloX3lWaVFLNjBmbktuWVoxMWYyMjg4Z0NtVFh6d3JNYVdYVnJ2UjhNZzQ3azVBS29Sa040b2RPMlozM3hncDVzc2RKSXFDTGhCWG5EMXZqZ2FabWpVbFVDMmpUeWZyb1J1MElHZFhvNHhuQW5PMlRkNXVlMi0tV2YtRQ?oc=5,2025-05-05 15:30:00,2025-05-05
"Buy, Sell, or Hold These Mag 7 Stocks After Earnings: AAPL, AMZN - TradingView",https://news.google.com/rss/articles/CBMitwFBVV95cUxNSVlSVFd4RkFUVjV2cFREcDJuUkR5U1J6cnVaYlM1M1lsOEVlM2h0M25qcjlDaTZGdHpGd3RmeUZjOVpleWdlRW9PLTVoTXlSUkFuWTdXNGlPQnhDMHVsb0R5RTVvT3Itc083aENwd1BHR1Y3RFliS0htT1prcGhidEpZM2xxMENBdjdaSnBJb1l4OGJOdEFSRG1yS2hWZTFrNkV3M3RzZWtWOUtSRlc2TGxiSU5LeTQ?oc=5,2025-05-05 20:18:00,2025-05-05
Was Jim Cramer Right About Apple (AAPL)? - Yahoo Finance,https://news.google.com/rss/articles/CBMidkFVX3lxTFBaX0pTSDdRb29WTFZOR1FXVmtMMDY1UUQyQUxJRUNlQ3lsYkxUZEpPYVdZWVJSakJHSzVCbEp2cVNvVXJHRF9SdGNhNjZKZjUyU3pSa1JaQ3VhRHBZUW9rV0lvSlRMNVhONzVyM1N0d3dzc2dTV0E?oc=5,2025-05-04 22:21:16,2025-05-04
"Apple Stock Slides As Tariff Costs Mount, Bond Sale Planned - Apple (NASDAQ:AAPL) - Benzinga",https://news.google.com/rss/articles/CBMiuwFBVV95cUxOd3ljaU51VjZqcDE0bUNWdzcxbkxSY1lTR3dPNkZOWHBMZ0s2c2FwNEdjTjgwaUNkNUJ6MGI1WGUySWZvbmdEZXZkWEF4OWItTnhzTDlUZm5rcFZmWlpGU3BEaFMzaU52SGNTT29ST3EzcHdHSGlOc2g5Q2llcGFVRVQ5NTF0M2tvejhUeFA4Y0gtVlVNczc0eUpMTFBtNmlsbDNTck1IeGpJdHRGVWE0RlF5QVR1aDF5aXRR?oc=5,2025-05-05 18:02:38,2025-05-05
"Veteran Investor Stays “Neutral” on Apple (AAPL) Stock Amid Tariff Challenges, High Valuation - Yahoo Finance",https://news.google.com/rss/articles/CBMiigFBVV95cUxONm1RN1Iwc0lVWElZM18wX1FubUFhSkhzUVdaVzIyUVh0X1RPMXRPdW9BSjNZOXRucGtRNUxIRk43QTRtNXBPM1pDb1BnbEFreFRHTlRCWHVoTUZLY2RLSEYwLXVqVkRoM293YUltVnNOTXM0RU5fZmJPcG44Q3BxSjN5Z3pyaWYwT1E?oc=5,2025-05-06 14:42:15,2025-05-06
ChatGPT Stock Advice: Top 12 Stock Recommendations - Insider Monkey,https://news.google.com/rss/articles/CBMimgFBVV95cUxQek1qSW9mR050RDdPeGVMOGwyd1NBc3BmcDFCRG9OY3FCTGtfQ25SYWJhSUN6MmJnT0ZOTW1Mel9XWGtoRmxoR3ZBbXNvSGF0cFRTM2REX3NzZ1hKY0pFcExiMzlkZ1A2SXh2Y2IwaGNtVTFBbGp2Ym1CcW9MTDhQX0JldXQwdlZ2TFRfRlJxTXZBSnNEQmRaN1pB?oc=5,2025-05-06 09:00:00,2025-05-06
Magnificent Seven Stocks To Watch In May 2025 - Investor's Business Daily,https://news.google.com/rss/articles/CBMieEFVX3lxTE16QmJuZTNFeEdxNHpCTzZuQUNKVGV5czh5emtiQ0lTTW11SHNjLW92UUpDcmpFVzlqSG1WZFJES3BES1ZVMEg4U010VlR4Yk9YMENETlJWLXBxdEppdUxDRncybFJISkVQVnJqT3piYTgyd3NBWEs2dg?oc=5,2025-05-06 16:24:00,2025-05-06
AAPL Unleashes Investor Charm Offensive via $100Bn Stock Buyback Plan - TipRanks,https://news.google.com/rss/articles/CBMinwFBVV95cUxNdFRhMVRpLWRfbkNva2VaUk9nMERtVW9YdDF1ZGRnaHhmSGJJdnQ3OS1GQTc2RGZWTEs0X0p5TWh2SGsteDdsRFA2REFUNUp5OGJkc2dkVEpMQnhzS0dLMEx6X2hLZ1NNQi1IVW90WERVMV95MWtfQmpiSmdWeXlRUGk5cHEwUlo1d3R0cndJNFQycEpWOVdUWW42NklWWEk?oc=5,2025-05-06 10:09:53,2025-05-06
Apple (AAPL) Sees Significant Growth in Options Activity | AAPL Stock News - GuruFocus,https://news.google.com/rss/articles/CBMirgFBVV95cUxPVUx4c0F0V0lsZGUyb3hLUDU2NjNXejBjblkxZDg3ZExQQ3U2Vkx2dXNQSl90MFgzcV84dHBTbURCSzNHbU14cy1VdnZaYWNpSnhEVkVFclp3NEhnWG9Sa3p4bVFJdElhZFI2UzB6eDBBdVFxSGNFTUphcVhWM05uU0Q0cmo1WnBTZEQwcVh0VGh4SjZaZFV1ZWlnWUdoYXBIVzJpUEJlQk54UmQ3ZUE?oc=5,2025-05-06 13:18:44,2025-05-06
"Tech Researcher Says That Apple Inc (AAPL) Is Well-Positioned, Stock Is a Buy - Insider Monkey",https://news.google.com/rss/articles/CBMiugFBVV95cUxPbkpsMVdCSm9KclNjLWZoOWVINXhwOUtKMUNnVWsxWGlzeE1lRkZtNlAwS2VBZmJnT2ZzZE9TVnl3VFE3ZU51M251SWJvWC0yeHBXcG9jeHQyaUlXRW1FblA0UENnTjlBdmprdGtJUTNqYjFKSTM4ZWdTc2R2Y00tcTZmWXhCdkRmTVlocDR6UGNiUk9BRFE0dHl2S0V2dDdvdG9hM1lIWmc0SFhkX0VxRU9ITTM3ZllPd2fSAcIBQVVfeXFMTk8wQlR2SVRDdXFPUmhhM3JCYmFGZzREdVAtUzE2T0Nob1V5b0FCSDZycy1fMmZkSnpfdk1CWU1nVFlnbjVPeFdZSmZ3THNsNzJoSnNFRWlUMHR3eTN2SnRXSmhkUnpFUU50U1drYS1sYVFzS0MtSEk2M2tIaGh3b21oVmNobDlhWWl1RXdjRmczWDBqaVhPVmJuSFZMVHlXZV9WNXR5M2lqMnVJeDhmbjQ1ZDhLSUlXUmZfTG5qa2Mwb0E?oc=5,2025-05-06 16:52:43,2025-05-06
Apple Earnings Come Out Today: What To Watch As IPhone Maker Steps Through Tariff ‘Minefields’ - Forbes,https://news.google.com/rss/articles/CBMi2gFBVV95cUxORENEeHFxZHVCRDN2d1dTYmRfR0xjQ1hkaTVsZnlVYUpVZGtjRFVHTEt3MUFvRXpjNEZqS1lmRFFPNjREMWJ1ZWdKRGtQSFN4NUkyazNESTBvXzNONFJFVVJqY0llY3JBTGZibzFmVTNnSFJuRkhRamhEd0hfS2RTQmVhblBHMnJlRGFFdEpfRDhKN2l2Tzd2dGVabWxPR2ZjRXJiSjM3cHpHMGxVSlpVYTB6TU12U1p0MkhaektzQzVvQm1NVGxrR1BXSXNwMWRzM2xFZnhCZzdXZw?oc=5,2025-05-01 12:33:51,2025-05-01
"Apple Crushes Q2 Expectations: Services Revenue Hits All-Time High, Announces $100B Buyback - Stock Titan",https://news.google.com/rss/articles/CBMiiwFBVV95cUxPdmRMZGVHRU53aS1hRFJGUEVaOEx3cjVZaG1Ya3NwaEFic0JvZWFEeDRKWXlLVmxxZzV1dUhCTGRVZFZsNmZ1X0RwV0ZkSFpJbUNtcUdQWDVNLUI0bFJOZk9TOTg2WDMyQ0ZpYW9Lbk9RMUUyME1mTDdfZ2ZVZjdXYWxUR3RHLXZvWW9n?oc=5,2025-05-01 20:30:00,2025-05-01
Apple: 3 Reasons To Load Up The Truck (NASDAQ:AAPL) - Seeking Alpha,https://news.google.com/rss/articles/CBMigwFBVV95cUxPTHlPWVFtNWFTZUFnVTFyMXJlYUtzX3kwZVBGNXhieURNSDdmbHFzc3pNYVFfQXEtelNGWVdOdDBLV0hXZGRTTU9XcGhVWWtuYkN3Q21WZXlCbnRMVjlLQmZHR2w3UVRfakJ0UGNtckVXa3FTVU1uTS1ZakpCSVBpa3hpUQ?oc=5,2025-05-06 12:03:00,2025-05-06
Why Apple (AAPL) Stock Is Falling Today - Yahoo Finance,https://news.google.com/rss/articles/CBMif0FVX3lxTE9sZnktSzNBWWpKQXgyeFN1SVQ4MGVER293MndZQThfbVJFMXQxajYzVkwyX0lRM3NlVEhQaWlfQmt2WU52UmR3c0c1WERSbW5FYVktLUpMY3J5a3N0ZExtamhNMDEta1J0VEtYS3JXSGVmYkJDQWJSNHB4OHlJY1E?oc=5,2025-05-02 19:29:20,2025-05-02
Apple shares fall as Cook says 'very difficult' to predict tariff costs beyond June - CNBC,https://news.google.com/rss/articles/CBMifEFVX3lxTE1ZOF92dFRNUnd4Rm5nMllvdGpWd256RDNpS0VfWVNWWlA3dTlVX0tKb0kwSTcyTXFyZG1LUnFkRWRsWC1rQjFFempBT0ZxdWp1djlkUDFBRHpWUGg1bk1FVE9ncWc4XzQxQmtlMjdiSUVHZXI4eU1TZ0RFRUzSAYIBQVVfeXFMUEEtbkJkX0J4R2IxWmFuMFE5SjFDc0luVWFXS0JDMnpZdkxZLVc5TmVIdmo4UkYyUEthR0otaFlaZk02ZlkteHJ1RVI3emt0T29aU0lrQU5HUnMxdnY1blNOU1YyLWFfbFkzRU1qV3QzbTF5amtYV2FwX1RXNnV4NGpMZw?oc=5,2025-05-01 16:00:01,2025-05-01
Apple Tops March-Quarter Targets On Record Services Revenue. But Stock Slips. - Investor's Business Daily,https://news.google.com/rss/articles/CBMiiwFBVV95cUxPUm5DZml6M0ZuMEpsRnVvUzNPTFV3dk5OcXR1UzdIb2toeHRzaEtLV0pESWJRNG1ubktlajk2V2syRXVuR0RiTVl4ZmdTZWxQdnplUU5vSlRXWWM5ODR1Sl9aSmNGbFhZSXZxcHpKeWw2RXNjWUJmU09QU09QMGpYWWJBbUVBMnBJSWNV?oc=5,2025-05-01 22:02:00,2025-05-01
