title,link,published,date,source
"Stock market today: Dow, S&P 500, Nasdaq futures steady after march to latest records - Yahoo Finance",https://news.google.com/rss/articles/CBMizAFBVV95cUxObkVwZ096Z2t6TjIwUHd2cVpkTEFFS2pNcHZLWklDLUh2SVBOS241TFdvNmJlLThxUlNwRXF1MW1HTHNCQ2htRGFGM3ZnZVNWSHZ3elJRMngtMENKY1dEWGVBLW00RGo0OVBfbVZNbjg2N0Yta1p3dVhIQ1V5RHpTa0JNRG02dnd0cFZrVzhVUEEwTEFrMUpPSzJCTXlrMi01M1VzUk1HNmptTGZkR3k2ZXIyUHlGSFdPakVQODFrNWJ0T3pxeXNRUkx3VXo?oc=5,"Fri, 18 Jul 2025 01:07:30 GMT",2025-07-18 01:07:30,Google
"Dow Jones Futures: Netflix Falls On Earnings; Market Hits Highs, 5 Stocks Flash Buy Signals - Investor's Business Daily",https://news.google.com/rss/articles/CBMitAFBVV95cUxQM3p3MnVXTnRhOVdWTGdNd19ZYV9fNFk0eTUtakYzZ3g3b1Z1dXRBWVZZbjBsLXRDYm9IVTNaOGFHb0d5dTVEOEFTLVRmSUUtWHFxWDdDQnhCemlBZ1UxWTA1UUNiVHJBSUlxVU9OUkxwUS1qX1V3dVJTTk5JVjlzSjZmcVhpU01obnBnWmZZWTVyYXVab0tLb1lUZW9CSlM4RWY1VzVEMVpvY211eGM5aVVYS1Y?oc=5,"Fri, 18 Jul 2025 00:16:00 GMT",2025-07-18 00:16:00,Google
"Markets News, July 17, 2025: S&P 500, Nasdaq Close at Record Highs as Investors React to Strong Earnings, Economic Data - Investopedia",https://news.google.com/rss/articles/CBMib0FVX3lxTE0wR3QwZVk1U1NWNDhwNXNJQmY0MnlIdVpGT2VvdFZzMm5oYWxjVS0zLWViejZTeFAzb25weWVNSFVKcHVueFhCMEtQS0pnZXlBMjFJSk1fNTlPOWtqTkZ6U095SjV6VVVvZER0dUk4Yw?oc=5,"Thu, 17 Jul 2025 22:28:12 GMT",2025-07-17 22:28:12,Google
"S&P 500 rises to new closing record, boosted by solid earnings and U.S. economic data: Live updates - CNBC",https://news.google.com/rss/articles/CBMid0FVX3lxTFBEN1pNTHhFVUx5SVlJQktVLV9RcmYzOWJmWjhNWVNFQTZPQThzWTVkY3Zja2ZreTl0bEdPQ09fbXdUR0tyOTJUOERreWZPelFMaHJiaTFkb2dxRjloVW8xdHYzSVIyZncxSzFUS2xQQW9RZjVsV3dR0gF8QVVfeXFMUHFSU0I0bmZ5TjZMNi1BWDVkYmdBRGNmeGFIclF1TUIyN1FnckNNSjI2bGZaOFUzNGdGQk9DV256ZWVxTVc0WWxPM1lSdlJXa0pvUHk1OW4yMFlUMUNEZHdIMEdOejVCRzE4a0RRcmlpRGhnOTI0TjItNWlScQ?oc=5,"Thu, 17 Jul 2025 21:53:00 GMT",2025-07-17 21:53:00,Google
"Stock Market News From July 17, 2025: S&P 500, Nasdaq Notch Record Highs - Barron's",https://news.google.com/rss/articles/CBMidkFVX3lxTE1BM000LTdrTHZUbklNNEd4WXdST1Z5ekRsNmJ6QXljS2JRTnN5Z3BZeldSeldRbHJ4ZGN3N1ZxRDFrNC1iMWc5TWZyVFJWYVYzcUFmUVJURDRZb0hscDRrSFA1SGltbmpRREhEVHp2OG9wVGt6T3c?oc=5,"Thu, 17 Jul 2025 21:55:00 GMT",2025-07-17 21:55:00,Google
"Stock Market Today: Dow Rises 250 Points; Earnings, Economic Data in Focus — Live Updates - The Wall Street Journal",https://news.google.com/rss/articles/CBMijANBVV95cUxNdmFZUTdEcl9WLWIwR21CTEkwSWxIQk1yT19UZlkwVGRkVXFYUXlucHRLUUFhWkZGTFNPRWlieU5SMDRjQTdhekZEdEx0WXR5N0ZwYWtqd3d3SkZjWTlKS1RuZUlCOWxrVFNmUjhSZlZYTWZvNW1qbjJJNXBwc0hLTG54bmszZnM2ZWlfb0R1R3pPVzFUdzc1cUNfZ2lNc1ItQ250cHdTUElkSF93THRfUk1sYkw1Q3VidEZjNk9xcWhUZl9HSGxfSktMeENHSjVDMEhtWWk5MGlDU215MmJPN0FodUFjanBSbWtwWEVraDktblJmRjlfMzJIOFJHOGgzRnprU2xsekNmUUduRjIzalhqa01YY2ZSbm9CNFhnTUJxY2swcWY3blNkRXNPQkRSa0VsUC11cVVSdkRvaGVQNHNBZHQ1VFJKYlk4dGFSd3ltMGFmTDRpSlZYOFF0Y2NhdjI4dWM4MWdac3lRVUEwSW5VaTU1TWpNaUwzSGg2VXVrNDV5aFQteGtRWnI?oc=5,"Fri, 18 Jul 2025 01:55:00 GMT",2025-07-18 01:55:00,Google
S&P 500 Hits Record on Signs Economy in Good Shape: Markets Wrap - Bloomberg.com,https://news.google.com/rss/articles/CBMilAFBVV95cUxNVG56QVg2S01VTVZEbFlIc3B0Y0UtWVhBVzJaNjJqelhqcV9ZZW9DdkZmUWJUQUsxdG9LUHA1NWNfemdzT1NCZFdnd09FZW8xSkRkM1lSdEI5cXJOWXJ4SjNoakhxdFY2ZE9kdUdKWWY1YldxcVBTdEQ5WkZ1ckp6RTlLellHdnJvbjlsZlNpYnRSS0Zv?oc=5,"Thu, 17 Jul 2025 20:20:21 GMT",2025-07-17 20:20:21,Google
"How major US stock indexes fared Thursday, 7/17/2025 - ABC News - Breaking News, Latest News and Videos",https://news.google.com/rss/articles/CBMingFBVV95cUxNdzlsWk1oT3o3a2JtZG9NY2dsM0M2UjBBeVZHOWdITG1HWkRUcFNWZTNaX1F6NTRhakZCZ09kMnlFd251cGVKbTVjMVRBbWwtNWZIeXFXYWg3ZkdPMEpTSk1LZFpmSHZoQ2cwSHlmN1NZa0RXbHViVUNISlNBZzNiWFU4aWplZHgtWHJIcnZ4LXYtb2t2MDIwY1NQSFVld9IBowFBVV95cUxQTHZhVGhScDRKQzgyX3N5ZU9EYTBISnhxVnN3b2NiaXJ4Q3paVFZLR1lVaHZ2dzNXcms1NElibWlLeENwWGxPVVRYQmtXMlZMZjIxQW1Nb2h5M3hvNl9qTERFRUZhdkN4S204WDN6cFRuMWxUMzlxblIzZTZkNmJJUlByM3l4NjVqUG85eEpIV0FsQ0dhSU52VEhpU3BxeEtYaUlr?oc=5,"Thu, 17 Jul 2025 21:15:37 GMT",2025-07-17 21:15:37,Google
U.S. stocks higher at close of trade; Dow Jones Industrial Average up 0.52% - Investing.com,https://news.google.com/rss/articles/CBMixgFBVV95cUxPVWdJMjZCZU5zem9Tdko2UHBvVFNBNG40THQ2U3ZBbS1iNEJaS0RrNmJJNEVTeWJOeTJlNnJJc2FYaWJQYTFWTVN1ZlBzbkkzOU1MZVJSMjZGR3U3QWJTZjJPVFJ3VlBIWk5uM19sZngxcGVxRkJIRWdjdzFBdXhsN2FXcjZsT29QSkd2OUZVZkFGM1ZJZXNiOXdzREdTRmF5M2V3N1NnYkhQOWU0Ync4NEJIejBKSjhvOXM2Um15YmRLbW1pa2c?oc=5,"Thu, 17 Jul 2025 20:38:45 GMT",2025-07-17 20:38:45,Google
"Dow Jones Futures: Nvidia Chipmaker Taiwan Semiconductor, GE Aerospace Rise On Earnings; Netflix Looms - Investor's Business Daily",https://news.google.com/rss/articles/CBMi3AFBVV95cUxNR2F3WjVMU2pQR3ZVVjFSX3hiZkxXal9TNnRIUnhnNGxqVjRTZ1E0Vm0zYThUNmlWQ0k5ZFRlRmV5TUJHeFo0NlFRQThkNXcwbkFPZDhXRnFMSWZVS1drQjNNUFVEV3ZJemxoa3dFRVkzd05LaTl0emQ4M2x4YUNoVU05YWZKb2tQTzJIUnVqQVJCRUhncjU4Y0paOElDTDJZdmRUaHFlY1VBT29IV1I4SjZzM1o0Y01WNG5GVUc3RlZlRFBFUUhZdWgtYmNlRjBOM1lTODRyMi1PRGlL?oc=5,"Thu, 17 Jul 2025 12:01:00 GMT",2025-07-17 12:01:00,Google
"Stock market today: Dow slides after CPI inflation accelerates, Nvidia's surge lifts Nasdaq to record - Yahoo Finance",https://news.google.com/rss/articles/CBMi4wFBVV95cUxPb2wyLWZjVkcxM3ZWbUl1UHZiaTQxeG1aOWpLeEdRV0xCVXB6dVRvMVZKUzBKREJhUW15b3lGWjFlVWVySFVucXNINURUVHJXbkFxLVZ6ZnpES0ZZSEJrVnNfdm9sU3dfMXkxWnhkOUdqLUtYRDdxLWprWE1DUGU0ZFFFVFgyVmNEZ3ljWmowNVNwc2VsTm5CYUIzYUJjMEdNenMwck9hSk1qOF96ODFIaE4wazV5VmV3em8zZFBOTEJiRlU2dk9mVnVwSXRMYkZQZEFsZHNWQXBKU3BmY1p6OHdKNA?oc=5,"Tue, 15 Jul 2025 20:25:35 GMT",2025-07-15 20:25:35,Google
"Dow drops 400 points on earnings, inflation woes; Nvidia lifts Nasdaq to record close: Live updates - CNBC",https://news.google.com/rss/articles/CBMid0FVX3lxTE8tSDhJUHI3RkxyVkN5MkxVVk5oZ1FiNUp0Rm5uMEsxbU1tOGN5bnlvbDhvbjl2SUxiUmtJaGxYdEJMWENheUxqRW1nWE5sVlM5b09UVHoyWHd6VjZuZHhDdGRWQkFKR2Y5TDF3bVkwdHhfZEJ4X2ln0gF8QVVfeXFMUFktMEdyRGR2ek90Sm42RzNJMFVRT2lMa0hNa2F5U0lOVVczMUZtUHB0U3lNX0RqMGd4ZU5IUWdfcVJ3enB4QnBIQzRqaFBUckNiay1lUHR1SUtUOGY4UkVQd0Vpd0k0UTM3ZFZDRFJLUk1wUUo0eDFoU0Zpaw?oc=5,"Tue, 15 Jul 2025 15:15:28 GMT",2025-07-15 15:15:28,Google
"Stock Market News, July 16, 2025: Stocks Bounce Back From Selloff - The Wall Street Journal",https://news.google.com/rss/articles/CBMijANBVV95cUxOWVVTcWY5cXVtMVVHSUdXZWNfTUxZZGRwWDhUWTNPa2lsVXpQMlllSFNRMFJoVk51LXp2eXV3bkt4dDMwcjUtbVRfRDRRaXVRSjRxX1YwSVk3TnFmMU1RR3NMUlo4MkEySndRdEdJS05rTVY1SUVsZEFtNHhjVTVPQlZVWkV3eWxNVGc3c2FyVkY0aFBPZzMzazhJMFh3Tjg2QmJnb1YwWUJFZjNlUVFORnZzRjFlSDZqQUl0N3ItaFB6ekp1NWFVMWhOMzZwNC12VzFSa0VFMXE4aElNMzFpdzlHV1VlWHBUM0dCazhTdmJWa1JjbzZUODJqWHRuVFh2UFA4WDIxUEZQczFSQWJWRjlELVBwMUNZUjZRMlBGRUl1SElwZ2N0WmFTNFlJUlNGTmktMmREaUdMUkN4bExsN3hBUlozVWduU1NtX0hMMHhCYk1WVFhIdVBCTVQtdmR2VVZMa0ZmMmEzRU5TQWM0aG9MdkhRYU9hUTVHUTFLd2xqVENqOE45eERHbEs?oc=5,"Thu, 17 Jul 2025 03:23:00 GMT",2025-07-17 03:23:00,Google
"Asian Stocks Edge Up After US Gains, Dollar Dips: Markets Wrap - Bloomberg.com",https://news.google.com/rss/articles/CBMilAFBVV95cUxOLW1IRXlEU0tldTVhMjFmc2cxTl9DbHRvOEtkUk5ZSVljTkU1MFhvWHhQaUlJR19Zai16Z3d3YWE4QzM0Tl9LTE5ySTZ2Nk56WHhaZHdob21ibktEWU1KdTVzaHdHOTRfV21oQV9zZEhja2xxYU1odnBkckFtWnEwd2p5Mk1aZFltWXVuM0ZIUU1RaGc1?oc=5,"Fri, 18 Jul 2025 01:55:00 GMT",2025-07-18 01:55:00,Google
"Markets News, July 15, 2025: Nasdaq Closes at New High as Nvidia Leads Tech Rally; S&P Backs Off Record as Bank Stocks Slump - Investopedia",https://news.google.com/rss/articles/CBMib0FVX3lxTE5ycktyWklQTWFDMVhJSzc2LVVJM3NfSVVUellRcVZqUVBkMVkxa1dpTFFtT200d01sUm90cy1ULVZCX0JGWG1HZ0lBdm1JUEdnTVNEQ1FERUhMeDJKNkFiYXV0eDl2RlRldklPZS03aw?oc=5,"Tue, 15 Jul 2025 22:55:22 GMT",2025-07-15 22:55:22,Google
Stock Market Today: Dow Rises As Fed Officials Are Firm On Rates; Nvidia Scores Record High (Live Coverage) - Investor's Business Daily,https://news.google.com/rss/articles/CBMixAFBVV95cUxNT0ZPUXlnQjg3a2dqSjhoSjVxbUVqTzRnbV9JODdOZ25SbFVwakpXUjg0X0FJVENrdnNiWkhOU2VwcmthaDZGQUUxazVPcDc3aHZlXzM0QVJ6OFNEdGNnbEZ3REZ6dEg0VE1GRVdyTUs2WkNBaktOTW1sUlQxczdJQWZOOWp4ZFdPVHNLaktNQ0pyZnl3dW9wN0tqLXlNVlZaQTlkMnYtQi1SemVLbkN1MjdZTzhNSEh4Uzl6dm8xd3RDTWJJ?oc=5,"Thu, 17 Jul 2025 20:17:00 GMT",2025-07-17 20:17:00,Google
"Stock market today: Nasdaq secures record close as investors shake off tariff threats, eye key inflation data - Yahoo Finance",https://news.google.com/rss/articles/CBMi7wFBVV95cUxQZG5SaXd5NkNsQmZjbUZjRGUwUTltU3ZvVHBjb3o5SF9GeWFwYUR3aU1rYW15R2ZqNXhyVnVtZjZKS2hDZk9kTHVDdklwUXJxNEdIYTJ3LWRPMmZyZXkxazRpYkZYWkJXMnB5eUFqd09PSmZnTnhNMW5FTXRKNGVVVnJBRlRHWjV3bTBWYnVZcWhWc3RHcGU4RGN6TFVXc3RPQjNqM2xPMEFHMkViR0FJTThaczEtWkg0bHotM0pNWTNIWmxGakVHMzBaa092bmNGSk1XT2k0R3dtMHVQWnFfV1BjdlJiaFhtTWo2b2lHMA?oc=5,"Mon, 14 Jul 2025 20:02:42 GMT",2025-07-14 20:02:42,Google
"Dow adds 200 points, S&P 500 rises in volatile trading as Trump denies he’s firing Powell: Live updates - CNBC",https://news.google.com/rss/articles/CBMidkFVX3lxTFB3SEhTdUNtSjlqVi1tRXBFakRMYm45R21WWXhfRWtQcEtEbEZjU21uWFhQWWFXVUJ1eVhTbUhwUmZDY1kzY2RBT2Q3Rm1TLWlhR2IzNVlSTVU1RERRYm53Q3hPbWZHSkQxdk90QkNQcXdpeWtpTnfSAXtBVV95cUxOaVBBWkhVbWEzdkdNazZRblZTdGZBQTNXSnhBR1h5RFdZWENKMGJjWndwT000VHMyZjRITFhtb3NnUWxJZzFTQ0lGVEZQbmh5ak9Ea0dOeHJsbFUyQXlhQ2NKdVhIWWZKU0hJRHdUcW43QzFmZlJIdEZhVnM?oc=5,"Tue, 15 Jul 2025 22:08:58 GMT",2025-07-15 22:08:58,Google
"Stock market today: Dow, S&P 500, Nasdaq end higher after Trump's Powell talk sparks volatile trading - Yahoo Finance",https://news.google.com/rss/articles/CBMi4AFBVV95cUxOdDVYaG01cHVoMWN6cm9nazFYTWttdHl2X0ItWVJvdjQ3VDN5a0YtX1JmUlZjSWZiSWpkREMwNXpLWmdmcE9kcTRhSlJCYXF1cjFyMFFDUUd3dmlwNVM1TlRRUkJjOFp6T3NSRTRpWkxmY2Vzc21DMUo2czdpdDkzUzFXOGt3S3ZEY1pQREdaNnNDZDR6MXZkV3lOZVl2ZDYxSFJsX3drNTRCQmd6QVJPZHZpd0w5VTNWSjVGbm43RlB0OTBlNmJPQkpXbTF2bzViQTdOVEctTGQ3Q0tEUzg0MA?oc=5,"Wed, 16 Jul 2025 20:12:46 GMT",2025-07-16 20:12:46,Google
Medical Insurers and Pharma Firms' Stock Slipped Thursday. Here's Why. - Yahoo Finance,https://news.google.com/rss/articles/CBMiiAFBVV95cUxNS2MweDhGSGVMeEFYSlB4eFBWTGRpbTlFTkEtamF6OXVqVjFMb3lvRnpjcXAzbnEwWUppOXdlcy12TDdraWFOcEpqV2RNT2dleDlSbFoxUWRIcm5LQzg4Szg3OGN6d2F4NE5LenlyZng1VWtLVndXRVlOeXB2MmZ4UlZjTndSQUJG?oc=5,"Thu, 17 Jul 2025 19:59:56 GMT",2025-07-17 19:59:56,Google
"Stock Market News From July 16, 2025: Nasdaq Hits New High - Barron's",https://news.google.com/rss/articles/CBMidkFVX3lxTFAwTVdVakdHcmJGS1M0NktsY1FwdkhYTFlyZUJGSlF1U29LdzZSMUN4WTlSY1EzM3lSc1RDOG9ZYnNJcFpsOE4wUWtEeWRHcW1FSUs0UE1lcmp5dGdBa2UtLW1kdkZVOV9ZTVVGX2lpYXlpbHg5b0E?oc=5,"Thu, 17 Jul 2025 00:04:00 GMT",2025-07-17 00:04:00,Google
"Markets News, July 14, 2025: Stocks Rise as Investors Brush Aside Tariff Concerns Ahead of Earnings, Inflation Data; Nasdaq Hits New High - Investopedia",https://news.google.com/rss/articles/CBMib0FVX3lxTE9sY0pxLWZMaDNoRU5kZUkyd0FKWXB5cnYxOTIxOUg2N2hPZkVQcWk0ZjBvYTIwQUM1cFpTVTlMY0tOdWtvSlE4c2dVWUhpMFM3RkthYkNQVTI1VExrY2VlZldzY2Jka2wwVTF5bkwwOA?oc=5,"Mon, 14 Jul 2025 22:18:37 GMT",2025-07-14 22:18:37,Google
"Stock Market Today: Dow Falls Ahead of Jobless Claims, Retail Sales; Nvidia Chipmaker TSMC Jumps On Earnings (Live Coverage) - MSN",https://news.google.com/rss/articles/CBMi6wFBVV95cUxQTGFQNGFvb2JLb2xuOHlLYTVyazVPVl9IU0lablFpbWMwRWd6YzV4ZDVuSnJwaEtpRWktc3l3RWhVU2puN21NcTY2MFlYSGFjRmhpY0duZ2U4NnN1RVVxYkhyNDdhbjFhRnUzd29LUG1uVnBYRld4Rmh0dmx2Y0NCdmY4eUxDMi1HWVdjMHRpMDFqR3JlWklZcnI5RjB5eE1fRDRfazFKdDZsSkJXWHVDVmRGbm1faExwaDIxLU5ycU1iYTNwZVhlOHR1Yjh5OXB1d3hiOHhoeGMxQ25NUDRMdEFRVjhPWXBLYk9Z?oc=5,"Thu, 17 Jul 2025 19:34:57 GMT",2025-07-17 19:34:57,Google
"Stock market today: Dow, S&P 500, Nasdaq edge higher as earnings roll in, retail sales jump - Yahoo",https://news.google.com/rss/articles/CBMi0AFBVV95cUxNQ29fN0l1bk9ZQUxWeUd5Y2JIYWFFSUZBRG1iVVBfQXozd05EdWxRS3hTQVNfa1UwUVRUakQtaXV3UXNtNkh4WlBsajJyNVBHLThudXhrSXAtbUJOX3FIdWJ2dW50SE5lUzFXR3lWM1dRNFdLSFBMdmMwSmVZNC1iN3djTEVQZnBzaWI0T0lhaGdRU2c4VGVxYmQwOUU0bGVmRVVyWGRaZXItb2x2VXU0aUxTME1kN3Zac1YtQmdUNXYtQTlzQnYxTGVsY1VfUFBs?oc=5,"Thu, 17 Jul 2025 13:33:29 GMT",2025-07-17 13:33:29,Google
Stocks Climb as Trump Denies Plan to Fire Powell: Markets Wrap - Bloomberg.com,https://news.google.com/rss/articles/CBMilAFBVV95cUxPa21aWVdSRjVZc1pPNGJvd0QtYm5WcFlBeHduUl9kdmx4d2prZDRPUk0tdzlTTy1aN2dWUHBHclRtNy1pOFc0Zzkya2J4S2ZWN1R0Qk41VG5na2R1Y3BlNVo4TzdHaWNVR01KbXdoOEFkbnR5QWl0aE8wSmVEUWVCN3QzWndPSnVULTlRNFMzc2NjejhK?oc=5,"Tue, 15 Jul 2025 22:36:19 GMT",2025-07-15 22:36:19,Google
"Stock Market Today: Indexes End Higher; Ferrari, Shopify Surpass New Buy Points; ASML Shellacked (Live Coverage) - Investor's Business Daily",https://news.google.com/rss/articles/CBMipAFBVV95cUxQWTVZdjhmRmJ4UFRNRWk5QnJYWG9FMy1zaVNlSTVfYUR6anpvTDJ4Y2tyVlFEWmhnRWNEYVZhcENtTXBNdlp1aEdDNW1ZcUc0YlFRWjJWTjFsVXNtNFlKdG56SWdrYlQ3dmtYVExUTl9NYzZvU3BKWjVxTmk4WkNfb19BSExPSTRkTG5VdmpRa3ZYdkI4bnpNd2ZVOXZ4aFoyWUZvRg?oc=5,"Wed, 16 Jul 2025 20:44:00 GMT",2025-07-16 20:44:00,Google
"Stock Market Today: Dows slides, Nasdaq hits fresh record - Yahoo Finance",https://news.google.com/rss/articles/CBMigAFBVV95cUxOLTlPN2hiSG5YMjR4T1FhMFVvYlgtdUd3RGFoWnppR0NEbFFUOVBoTHN2eElEUk5tRmhNR1UwYXltWWFxZjVOajBrNUVobXotc2lhaUcyUDRBYkk1b0hMTmU5YWVLNkNaVklMMkFVd1BudVI3d2tvVFFWdHp0S3JWdA?oc=5,"Tue, 15 Jul 2025 16:28:26 GMT",2025-07-15 16:28:26,Google
"Markets News, July 16, 2025: Stocks Close Higher After Trump Denies He Plans to Fire Fed Chair Powell; Nasdaq Composite Hits Record for 3rd Straight Day - Investopedia",https://news.google.com/rss/articles/CBMib0FVX3lxTFBybWYxcndSSkhfeDhOZDF3ZUl2c0U3Sm5mXy1Ma3Uyd3FFRl9saHFtelBKQzVyWkY4TWZoaExGQnlMRHpjQUw2N2htbEE5dFVSTHZzbGllaExRYVBfdXVuV01wcnhhVkkydzhnTThsYw?oc=5,"Wed, 16 Jul 2025 22:30:10 GMT",2025-07-16 22:30:10,Google
Stock Market Today: Dow Falls Amid Trump Trade Deal; Crypto Vote Faces Setback (Live Coverage) - Investor's Business Daily,https://news.google.com/rss/articles/CBMipgFBVV95cUxQdnNtSnJPRkdocVp6MXFkV0JDd0NPNmZMUEpOYWQwUUowUEEyVnlSLWhOVTAtcWQ2UzZxMW5yZVItZnNmSzF1R3BkcUREc3RPbEZKTC1NNG9abV9ySzNMWUh6NEpIU3ZpcFdLUElVSXZFbFBXaUFTa3lhZVpRaFR2dmpoa09GbVByQjBtbjRRTmh3Y3NDeUtxMmRKRUJHdm9uUUF1MUNB?oc=5,"Tue, 15 Jul 2025 20:28:00 GMT",2025-07-15 20:28:00,Google
"S&P 500, Nasdaq end at fresh record highs as data, earnings point to consumer strength - Yahoo Finance",https://news.google.com/rss/articles/CBMif0FVX3lxTE1qZXNwMnZoaGV2RzJOTm5TZ0JWU01TNEF6ZHFZN21XSFpWdDZwLVhiVkdKZTg2TlpsZGYtTUprSjZIYlUwQjg4OGVTUFVCOUVBdld4OHVUMmJVZk1hbkE5WXZuc2ZlNWg3UWU2S2lmZC1XTnJqY3l6T1JCOHh6N1U?oc=5,"Thu, 17 Jul 2025 10:23:33 GMT",2025-07-17 10:23:33,Google
"S&P 500, Nasdaq notch record closes as retail sales and earnings fuel rally - Seeking Alpha",https://news.google.com/rss/articles/CBMijAFBVV95cUxNeFpwVWo4dkxGUHdpcGs5bWtGQU9ZQU1wNklaNFlrVGp2WTNwelhPZDBObmV5X2ItSXdEMlF1NE9rOHpBTVdoVkpnVUItRE9mSXNQMU55Vjh5SnR3X3h6VVZZbVB5T19NQWNUUm5UU1ZUNlYxcXJ3UGdYMmd2bVJCaUZ0ejRiUjJHM1hfdQ?oc=5,"Thu, 17 Jul 2025 20:06:00 GMT",2025-07-17 20:06:00,Google
Dow Jones Forecast: DJIA rises after upbeat data & ahead of NFLX earnings - FOREX.com,https://news.google.com/rss/articles/CBMivgFBVV95cUxNY3UwNjB2elJrUURjMEVCV3kyRktlMklKVmVZWG1HZ2VFTFppcEVwb09wV0J6bFNOTG00RlYyaGhFZHlzT21VVXdpdFc1ZDZDNXUtVnJ1VnZvT0xQRklCMFhsVjczbDRJMUxqb0pmZ1BJOC1MV3VxRWlEbXZHajMyOGdNb2dwYnFYdVI4eVI5NFpkWEktZmRMZG8wRldYSVprQlQ3YXloUzkxUXV5RnhGdkYzYldQQUNibGY3a2lB?oc=5,"Thu, 17 Jul 2025 13:20:23 GMT",2025-07-17 13:20:23,Google
"Stock Market News, July 15, 2025: Dow logs worst day in a month after June CPI report, Nasdaq scores fresh record as chip stocks rally; JPMorgan tops estimates - MarketWatch",https://news.google.com/rss/articles/CBMiyAFBVV95cUxQYWVRWXgtMXBJZVFQdEE4bEJuQjJvMFBNT2Jna3dRU09Va19JaEVPc0NqOHAwNnUySlliVHhnRjF0WUhuNlEtaTNfOVVDV0M4ejYyc2lSdUZ4Ykt1UDR3QUpvMmlOcXduZDRrTl80bFoySFlzRmJnMjVNcDFaYlM2TUliV2ZWci0zNHVpQTBDcm5uNXZCVGhFY3dmSDN4SVRlb0pndW1PeG5ZdlBWLWMyeDQxZXJuUlBGeW83RkhFbEwzMHpDRkl3Rw?oc=5,"Tue, 15 Jul 2025 20:49:00 GMT",2025-07-15 20:49:00,Google
"Stock Market News, July 14, 2025: Trump Threatens 100% Tariffs on Russia - The Wall Street Journal",https://news.google.com/rss/articles/CBMijANBVV95cUxQbnIyZUd4andpMHJZU0t1Y3pVVmNnRU10NVFzaGRyWDVlSEl1WUpsbndOZFN2cXZXRW43dHdvZGktbVVPSWRHMDZZTk1SYXVlaFZfYXJIUF8xdHVCSnoybTFQcEVkNzNLM0VjTmdfQ2hWTzZPOGZSNGlyZy12YnBaTWt5V0h4ZHk5ZnpkX3BYWUhiQnBtSG5kSXpqVHRfVkRVVzl6ajZ6Y284WFp0N1V2MGhKcmV6ZFFnTk1fWEM2czlRdHFXRExwRDM2MDBPTHcyRGlka012a0dGSkZmd01VZTYzSzUzUXZfcG5KTlVHUW5ESS01RjdtTGRORUxDWVE5bGp6MmRKT093WnlLQkRUMGl5enhTbHdSSzZrazFyeHJLOS1OdGhtOXFXWTAtei1JTWVmTnppX2NNSldqdTh6cEFPTE0zMks3VDliOHliNW5jdmhCNjhaM194OHBmWWhwVlYtSWFlYlExTGxrc3NQdnUweHl6bHhTcjlGb203SEpEVVJkalNpMDhPQVg?oc=5,"Tue, 15 Jul 2025 03:24:00 GMT",2025-07-15 03:24:00,Google
Dow Jones Industrial Average Turns Higher as Q2 Earnings Impress - TipRanks,https://news.google.com/rss/articles/CBMimgFBVV95cUxOOGJmYmVoT1RMaFdKSTJBUldtaFA3ZE9mcjVoZ1VVUkJ6dzh5d3VKcTRLZHBjMHgtaWdLcFJ6dmNRM2tnS3lWcVE2ZHRrMXRvYUJmRGItV2tFOUI2d09VUlhESlFZckc3bFFDaXh5R2xlNEpVQ3Bqb2hHcjdlU2NDQVpJRGV4QXpMYldCV0NkWlFwUnN3djhZVnJR?oc=5,"Thu, 17 Jul 2025 14:54:39 GMT",2025-07-17 14:54:39,Google
1 Dow Jones Stock to Target This Week and 2 to Avoid - Yahoo Finance,https://news.google.com/rss/articles/CBMiekFVX3lxTE4wcFNTZTMwTUZpWV83bmNaYzh4MnRERk0yWDB3MXkxMTZ5b0c4NnhyTVZveHZlTFVKZFlNS3NBRU44NjBnaVN1ZTM2YUNMMHRncjdDVFhGWVRzNGxtOHVkQTAzSlUwQndYUnAwbEJWRjROUHMwRi1TaHVB?oc=5,"Wed, 16 Jul 2025 09:51:49 GMT",2025-07-16 09:51:49,Google
S&P 500 posts slim gain Monday as traders hope for lower tariffs before Aug. 1 deadline: Live updates - CNBC,https://news.google.com/rss/articles/CBMid0FVX3lxTE1oN0xvZWRlRkNDa3pNX2x3TEY5VnhHN2FOSWgxSFo4a3dFNzFiT29RTDZfQmNGbHI2akRaV3UzbEJYLVZHVGhTVlJ1SGtqTVdWUkJvdlBmQUg3aFpzUWtXZElNOC04RXgyQ0RyTW0tSVh3R2RoSFlF0gF8QVVfeXFMTzVpYnlaUWw1MEJLdnVmNE53aUhtRVFzWGNyc1dkdS1iY1g1QXhYQjFFX2VGZU0yVmpBbDNCVUVXaGxKNnZ1TkRTdVJ1QWVuaVNMRE1KTC1KY2xDa2ZNRWFwMng2U3JfOFY4eUJXa1BvWEtMbVhjWWNMNGpEbQ?oc=5,"Sun, 13 Jul 2025 22:05:25 GMT",2025-07-13 22:05:25,Google
"Stock Market News, July 15, 2025: Dow Falls, Yields Rise After Inflation Picks Up - The Wall Street Journal",https://news.google.com/rss/articles/CBMiigNBVV95cUxPbG00T204ekhYMHpEUnQ1N04wclkyY3lvY0FYR0preG8zQmJVZnJPd3MtUmN2dTFtRFBXWnZJbmwxc250ME84Z0RtMF82Q3FTRWJ2REVmSC01cWxHR2UxUEhaRXEzR3JERkZUS0FEanJ2Rnp3d3pRVW1vYkFRRFNzOVRrNXp3Z2M0T2hPRzNHZjhYWWlhZGcwTjAyUUlCOEFnZXhock9hQllMcEQ0dVZ4b1lmRGJkb0wyUTRXc1lQRlh6RzFBcTcxM08tRVlBMklmYXNZTDdtMnBGRmwwOHI0a2FjZHFoWXNyaHBtaW91bU9sQTg5SmNWdG13U1lialdONXpnZHFpeWtfbDhELUJqVnpkenBIemRiSmNuRTRKbFpqNE5GRFZvbXpXNWltdkI2VTNNRXZrbGdqek9XMDRIQlZYTUN3ZnUtZm9PdFJaNDdRdXF6Q0RLYlFDQmlzNFIza0NSOXNQRGFWLWM5Q0hfbE1qZkRvdTVsdnFwbWt2em1XNURLZEYxdE1n?oc=5,"Wed, 16 Jul 2025 09:39:00 GMT",2025-07-16 09:39:00,Google
"Wall Street Live: S&P 500, Dow Jones, Nasdaq gain after retail sales data, solid earnings - Mint",https://news.google.com/rss/articles/CBMi6wFBVV95cUxQMzBfX3pZeE9jSC1pZzA5ZE03ckFlMkRqN1llWHlQb2N3RUY0RjhfTmRUd2VXWllhVEVBLTVIRURsTmRzUnZCa3dIODhFRk1HaUxHOUdoUzNVd3pyaTdHRS1tYnh1bkRneHEtZ1RVOUVKU0tFZm1KU25CS212N3F1N2puZHdGTHA3YlVYVTc3MTdBbEJIbTF4bUtFTDNXMTktcW1yWUpqZEtMUkZuVXM1SEU2ODYwaUM3blVPUF80bHdUMERfMXdhMUVKbE1Rci1oZjdUN18zNXlzLUtpdnoxM1ZUbGwxcUZ0endF?oc=5,"Thu, 17 Jul 2025 14:32:58 GMT",2025-07-17 14:32:58,Google
Dow Jones intraday update – Earnings and Powell's relief - marketpulse.com,https://news.google.com/rss/articles/CBMilAFBVV95cUxPbGdQVXhKcXVDR3dBaUdHWlNLemNDMEF5TDgyN2JLZUhwRkVXNkpVV2FxTXFKYTBLTDE2QUlYcjlrN2pDNWVKLXpoZm1uM3Yta0tlRWhxbUl6akR3MG41Q1o4cG1jMDQ5Y3RiWjdtaHNPN1N2SmxhQnhNemxBcUdRMDhnYkxWLWpjdWZfM05GRVFPc3hp?oc=5,"Thu, 17 Jul 2025 15:27:00 GMT",2025-07-17 15:27:00,Google
Dow Jones Energy Giant Chevron Eyes New Entry; AMD Stock Jumps Into Buy Range - Investor's Business Daily,https://news.google.com/rss/articles/CBMioAFBVV95cUxQSHc1bjhqSlhsMDVhUUZONW1lZWV1cTNPeGt4R3Z5dnJMUDZ1LWRIS1JmU0NyYzdwNDhCWGphLWEya3k4LXNfM0Fucl80V1BrR0s5VjFiNzVTb3lVVVUzMXBXcGFZdGtBMkdaczNURERDYllQUjUwQzdvZDVqLThIOFdVc0tYTVREa3YyV1N6bTJ4NzY4VFQwQklIOWhtYVlo?oc=5,"Tue, 15 Jul 2025 18:27:00 GMT",2025-07-15 18:27:00,Google
"Stock Market Rallies: Nasdaq, Dow Climb on TSMC, Lucid Surge - tradingnews.com",https://news.google.com/rss/articles/CBMirgFBVV95cUxNZkdLYzVBN05Md2EtUXhIM0xHZFU1MUJKTHBZSF9CRjdwZVJMdTgyX251bkdYZFE4STctT3p3R3BGeWVidW54XzUxU1RjZWlfWVVPLUJxNnJkNmJBMjV0VmZCRWV3MU1zTm9ZVVpwRkdncTNOVzNtb3JVc0FLMmNIX2FEem5IQWVpZURFUWk1T0lQR0hiTGpqb0JQYTViNkEzdndkVUF6aXItT2R0RFE?oc=5,"Thu, 17 Jul 2025 19:56:27 GMT",2025-07-17 19:56:27,Google
"US Stock Markets Today: Muted Start For S&P 500; Nasdaq, Dow Jones Little Changed After Key Q1 Results - NDTV Profit",https://news.google.com/rss/articles/CBMizgFBVV95cUxOMl93ZlNqeXBjc05pYXVmSS1zQjlCM3lEWlRhd3VqQ2ZkdkVxVlNHVW42RTMydF9IX0t5TVlGMVNTTU5yVDRTQktjU3dySUp0TUlNQm9xUThpSDR2Vzh2QzdpWDRfMHpMSC1KYVpEbU1KR01NM1hBR0JWRVVxQ3QyckIyclJCZjRJMGN5blVzNVhKTzRUcFFDZ3J3Y2FGNS1JX1FUV2ZqN2JldjJBeXA2cy1vNDBOampIV2FDdnBhbjNBR2FvVFBGVG9fUzRod9IB0wFBVV95cUxPbWZITDF4MmQ2M1ZQS3BYX3l3X1haZEdoSmR0Ukd5T3VSLTdqMnUzU3g5X0gyMXZQaXFQS2g3NTJiTE1oWHVLUnpOYy1yTDBvQ1hXV0w3ZEVldjQ1VzQ5VFRpVzJqRkpvbkYtYTNxemVzbjdXLU40cG9UVGNzUmdBNFZVeTB6Vk5xQk5vZldhZFlTMkhiWmp2R1Fjc2xLMS03Wk9DZGE0UG4wTUpkdVMxandHYTl3UXBHWG1JaVZHb2VSMUczSFRFUmtqZE52OXYxM0Y4?oc=5,"Thu, 17 Jul 2025 13:43:59 GMT",2025-07-17 13:43:59,Google
Dow Jones Health Giant Surges On Hiked Guidance - Investor's Business Daily,https://news.google.com/rss/articles/CBMijAFBVV95cUxObkowWTRmRHRBbUluRnJmUTNGZnZVazd1ckU4WU1GMmQ3U3VnbFg5aHU5VXNZSnRiejBoN191QlBhR2FxUWtPZ0NjRmh1ZUM5aTlBYlJJV3ROMk4wYlp2VUNHYmZKNVREMk81aXo2ZVVrQ0NxYk5Dc2hMSFdTVktSUzJEQ1V5MUZhOXRTbQ?oc=5,"Wed, 16 Jul 2025 20:06:00 GMT",2025-07-16 20:06:00,Google
U.S. shares higher at close of trade; Dow Jones Industrial Average up 0.52% - Investing.com UK,https://news.google.com/rss/articles/CBMixAFBVV95cUxNWUZYdDM5NVc3VTRNLWF6V2Z3aFM5aktOd1kwUkVYalp5MFRZRnQzQ3huWDRqS2l3dDU1dXZJMUE4WE9hREljYkV2WGhkdnVDSjBfTkxrV0xnWWVoUTRtcTh1clg5Z0pXZDFNdFljQmhsdVVyNDc4UW40UVNtdGhKaDh3YVdNYzktaDRncldpTWg0dkFqTzhFb3VmWWNJN280Vm1UOURYUUlEdEppVEJGMDJFRURsOUFERTY0aUoybXM5RTdM?oc=5,"Thu, 17 Jul 2025 20:30:00 GMT",2025-07-17 20:30:00,Google
Should You Buy the 3 Highest-Paying Dividend Stocks in the S&P 500? - The Motley Fool,https://news.google.com/rss/articles/CBMimAFBVV95cUxOajB1aWxUTldHWGlwdVlqb19uV1lOY0VKUGpHSWEwZkpncWx0ZlJ1MXpoR0ctX3NTbG5WUkg5N1lLSHEzRnBHQVU2LVBLWjFyTHBST2FZUDVlelRMdHd1RVZtbG9wTFl0VUwzNzdaeUZkdHpYd2FOVlFhbHhESm4wNWNEdmxKeXN1TWQ1SVNmTzNScEZkdzhHOQ?oc=5,"Thu, 17 Jul 2025 09:41:00 GMT",2025-07-17 09:41:00,Google
Stock Market Today: Stocks Finish In The Red; Dow Jones Index Bears The Brunt Of Selling - Investor's Business Daily,https://news.google.com/rss/articles/CBMirAFBVV95cUxNZ3RLR1ZqaldFbnBuQlRMakZZWFFfVW8zVmFLSHF6M24tUlRaWGhLdlhJYXhFM1ViTVhTbzJERmRBSUE0YTFtTFJsUlE0a21vQVl3elZFd2dDNzZaNFFuX3FJNTFpYm85ZzAwcS1KbmU5QXVoRzZIWDRmOUxzYTM5SGRPNW4wSDZtRkJKbU5JbWJhc24wX2I0UUk1WGwtUXlYNEIzQWcyQlRtMmg3?oc=5,"Fri, 11 Jul 2025 20:27:00 GMT",2025-07-11 20:27:00,Google
"Dow falls 280 points, S&P logs weekly loss as Trump trade war escalates - CNBC",https://news.google.com/rss/articles/CBMid0FVX3lxTE4xOTA5alhNNDVXTXlqVFVWYUhCN1ZvTjdlTUhfY2dXTDRvdkIwUjM2QThfZnhkajhPVExseDhvWER2RFhFUTVsNW9CaGxJSWk2dTQyeGVJMlpDRVpRRDkyekhtZDJra3V5SHd0VDNhU2R6RnEwY1F30gF8QVVfeXFMTmZ0TEtaQ3pKQ3FiTkZtZ3pIM29EMHBuWGxIN21ZbThFYnpOUlRuT2dLYmVrWWV3X083d29qSzRHVEFPVWFKNGo4V204WE92cWVpaHVSdjdlYTJKeE9xMi01OUtHY3NhbHBkRGxrT2xxS2dobk15Tl9VZzJOag?oc=5,"Fri, 11 Jul 2025 20:13:52 GMT",2025-07-11 20:13:52,Google
Dow futures sink as Trump keeps pushing tariffs while White House suggests Powell's job could be at risk - Fortune,https://news.google.com/rss/articles/CBMiqgFBVV95cUxOOFZPTDBualFWaGRSZnQzU05yUVF2QmVCNThZSm9jVGVMVS1hWXI2d3FFV3lqNDBsanVaVFZ2VlFVT3U5YzZFUVE4UTlNa1gwc3ZPLW5lbFZ5RW5WNFF6UUZ6SThCQVBDSUcxa1E2NF96dXh4eVA2RjlRUUlKSG15azR1TXFnQ1M3TGFIcTJld0d5OUJSNkkwY2V0OWlaSXdEMm9Wbk5EY2hoUQ?oc=5,"Sun, 13 Jul 2025 22:25:00 GMT",2025-07-13 22:25:00,Google
Trade Desk Stock Jumps on News of S&P 500 Inclusion as Ansys Exits - Investopedia,https://news.google.com/rss/articles/CBMirAFBVV95cUxQbnFSMVdLNmFoVm9NY1ladXlzNFFLX2tYV0pPWXhPc3BTNlhTUzdZQUUyQ0dqOWcwbk9kR25meEhRQUVzVHpiaVNkYW9BSXZtYS02aGNUWUpyOTBwQndPellpdE1FNV9zRmFrNkxVdW51dDRxQ2EzcXd4ZUM3MkNfMUZQTVlhN1FMaUVLV1B4Z3dSMHMyNDVUS21pd1BTSXRScHBwLXJ4Umk0MTR4?oc=5,"Tue, 15 Jul 2025 11:51:41 GMT",2025-07-15 11:51:41,Google
"Markets News, July 11, 2025: Stocks Retreat from Records After Trump Announces More Tariffs; Bitcoin Hits New High Above $118,000 - Investopedia",https://news.google.com/rss/articles/CBMib0FVX3lxTE1vbl8tV29KaGdhcU11OEF0Zk5pajN1czhCcjVnUVRPa1BrSmRraVdnNEVBUnBMc2tpSExhUGxCeTZLbVdyMW90UWZpMnkySVdEUVZSNlRacndFLXdvbGlsTU5iMGhLVFZ5YXFzME9JWQ?oc=5,"Fri, 11 Jul 2025 21:38:54 GMT",2025-07-11 21:38:54,Google
Nvidia Stock Gains. What TSMC Results Say About the AI Chip Market. - Barron's,https://news.google.com/rss/articles/CBMif0FVX3lxTE5kZmlVTVNIemJDWi1IMW1BVGg3a1QtMk12aTBPUnJESllBT3ZydkhDUGZCcU9HRHZaTnRnbTJLYVl0SEdJY1NwalFNWXd4bHI2UVZ1RThUbnM0WElXNnJDX082VlZuRWtxRlE5WDhPRWdHVFJMcW95QlltTERHODA?oc=5,"Thu, 17 Jul 2025 20:11:00 GMT",2025-07-17 20:11:00,Google
Dow Jones's French Language AI Service: A Play for Global Financial Data Dominance - AInvest,https://news.google.com/rss/articles/CBMirAFBVV95cUxPTEZOQkw0cjZJNVNfd2F1NjQycG9qR2hxUktJdzJZNHdfcDZNa2YyWTZIdzlSRmJwSXBwOGpQQVg2Z29lRDh4YVZzbW9wT0gtbTJsbGlMTmJ4c1JOTnctMVV1LUplaWI2QTZZNm9TX2ljR19rUXdfQnV1bHdJLU55elFsSUhlRnN4d1VzWFhQOVRWemlZbG9xZVR1M1RXTGJpUEJWczR1amJWZERn?oc=5,"Thu, 17 Jul 2025 07:39:25 GMT",2025-07-17 07:39:25,Google
"Markets News, July 10, 2025: S&P 500, Nasdaq Hit New Highs as Airline Stocks Soar After Strong Delta Earnings; Bitcoin Surges to Record - Investopedia",https://news.google.com/rss/articles/CBMib0FVX3lxTE9sTHdHaVdKNzY0VzZvMzJEaXJLVE5VOXd0VEtLVU41cFp3WU5QWWFrNUlNVUU0VElvXzB6YzJ6dGtqWU1ONDFBRGJ1clhfd0QySUNxMktlNEZyTUVOeHNJcnRhLTJuRDFyTUpDSENVRQ?oc=5,"Thu, 10 Jul 2025 22:38:27 GMT",2025-07-10 22:38:27,Google
"Markets News, July 2, 2025: S&P 500 Hits New High Ahead of Jobs Report as Investors Track News on Trade, Budget Bill; Tesla, Chip Stocks Lead Tech Rally - Investopedia",https://news.google.com/rss/articles/CBMib0FVX3lxTE4xcjdlcV9XZlBFMnVhV2d0LVNIN2JRamVTbFdsZG5PZzBGaXZIVkRsRkk5SGtxa0pvWEJOdXhFWFUzSW9mS1M3Uk1QYlpXOFlyTkhlbUFzRV8yUU1aMTBzQldTU1piTUtIbjJkR1V6UQ?oc=5,"Wed, 02 Jul 2025 07:00:00 GMT",2025-07-02 07:00:00,Google
"Markets News, July 9, 2025: Nasdaq Composite Closes at New High as Nvidia Leads Tech Stock Rally; Bitcoin Tops $112,000 for First Record Since May - Investopedia",https://news.google.com/rss/articles/CBMib0FVX3lxTE5iYWU2WDBOdWdvLUlkWFVxazlVdExxMUJyN2YyT05kUUdyTTVvSTBEa0E1aktIejRHbVoybFVtMkNlMWhGUFU0VUJDdDFRODNnTHV5bTRZekxfVmdiN3lOaXFDMTQ4VnY4cVBrdmZPWQ?oc=5,"Wed, 09 Jul 2025 23:06:44 GMT",2025-07-09 23:06:44,Google
MP Stock Hits New High Then Plummets. This Is a Crazy Situation. - Barron's,https://news.google.com/rss/articles/CBMidkFVX3lxTE1pOGpkNkRwMTFqMDI3b2lhakNmVllqSkJNeml1Mi1GMEwwbGZxYlg5MWVJR0VNUC1rSGQ5LXN2aW1EVDM3Ny1nZDhkWHF3NURwbUlnOU1ZdjB3SzdINHcyMFpXX3huU0JPc3NYV29GVGd1d0NYd3c?oc=5,"Wed, 16 Jul 2025 21:24:00 GMT",2025-07-16 21:24:00,Google
Dow slides more than 400 points Monday as new Trump tariffs incite sell-off: Live updates - CNBC,https://news.google.com/rss/articles/CBMid0FVX3lxTFBMTEZfQTJISG93LTBYaXNKMnV3RGZKRU1wYnZWRjl0QmpVamFMa0VtazZwZWhxLWdxQXRIZFhoc3JPS2ZGSmhycnVJb05rM3plQzZNMUVaaUhaMllsLTJDaTVlcDJJS050ajFPd05IaHZ6QkE3ZF8w0gF8QVVfeXFMUEZsVS0wNkVsd29UTzlwZ01ycG5zZDlncjE2T2tkSElMNTZ4STdFUWkxZDBIR1hucnh4eXpiUlVqQ0xQUTBMUjRGUTZFdHRLaHgyaG90ZHRkalUzMWFaZjZwZlRaMUpTUHRMTl9ZNGdmQkU3b0RUU012cWpNcw?oc=5,"Mon, 07 Jul 2025 07:00:00 GMT",2025-07-07 07:00:00,Google
Is a Market Correction Coming? - U.S. Bank,https://news.google.com/rss/articles/CBMipAFBVV95cUxNUVliSlNNN1JvaWszYmh4VVhGc3FBczJyOTYtbkVYdmJuc3JoUjROWGdEcjdfdnBybXlteWc1bFRCeEZDTHRxN0xHUnU4Wkg1THdnV3BWUHRKYVhVbGF4QnlwTzZjYU81SkQ2U3VXSElCNXpHQzF4bjFQTXotc3FvSnc4TGxKNlROU3c2SE1PTHM4cmNjanN6X04ydV9kZU5UQ3p1LQ?oc=5,"Wed, 09 Jul 2025 07:00:00 GMT",2025-07-09 07:00:00,Google
"Markets News, July 8, 2025: S&P 500, Dow Close Slightly Lower as Trade Uncertainty Persists After Trump Extends Deadline on Tariffs - Investopedia",https://news.google.com/rss/articles/CBMib0FVX3lxTE1PTmJWcm14bmVJYTUzSjRGdWdKdEpoenlEUFdMSHJmcUJrMTBtQ0pwdnVQeXFwc3lKZ0hHbjVvLWRINnRhYUhyV2RuTVNVcnh0cEs5OFVVLTB3YUJqZUdzRTh0d2d2WWc1NjNIaDZ0aw?oc=5,"Tue, 08 Jul 2025 22:30:55 GMT",2025-07-08 22:30:55,Google
Stock Market Today: Dow Jones Index Up On Surprise Jobs Data; Tesla Jumps (Live) - Investor's Business Daily,https://news.google.com/rss/articles/CBMipAFBVV95cUxQWk1yRmdfaS0tbDVYSURoUUJJb0NwbTlQMVQ4cVJtc0FmTF9QOEJDRWc5WHZ1bS1neVZKbGhndjBFbzdvZnZWdFFxNUEzYzVWMmR5NFVSWkhKaVlTZDFnQkMtbFlXMkwwQW9DWWJOZTZWWnpvU2tyZ005SE5oTWM2X3R4ajVxYV80dFdKek1FMGk4TlllcTRBTEhHcy11SG1CRGxwcQ?oc=5,"Wed, 02 Jul 2025 07:00:00 GMT",2025-07-02 07:00:00,Google
"Markets News, July 7, 2025: Stocks Drop from Record Highs Amid Fresh Tariff Uncertainty; Tesla Shares Slide as Musk Launches Political Party - Investopedia",https://news.google.com/rss/articles/CBMib0FVX3lxTE9fUHhZNGNGYjV4Y05GQWE0N3gzRk4xU2dJSDdsaGdydk5pWDdpcHA3b2tib3d0SldnejBRd1RFQjdueGlnRnpWS1ZDSUI3R1M4QlN4SU1RZ3ZBWnp6aVJZcGwwLWt5bE5nRm90bW1WYw?oc=5,"Mon, 07 Jul 2025 07:00:00 GMT",2025-07-07 07:00:00,Google
"Markets News, July 1, 2025: S&P 500, Nasdaq Slip After Two Days of Record Highs as Tech Stocks Slump; Tesla Drops on Musk-Trump Fracas - Investopedia",https://news.google.com/rss/articles/CBMib0FVX3lxTFByc3NzQjVFUVRlWU1VajY0LWtBX1h4ZEJEb3R4WnNBVFhpLTVwNGs1NmVxVThSVzZvY2hHT1k0QWtEeHA0RFFGQUVjRUdxY0xaODBUdUFXVnVpVG5xZTNXUjlHQXVwR0FZekxiLTM3cw?oc=5,"Tue, 01 Jul 2025 07:00:00 GMT",2025-07-01 07:00:00,Google
"Dow Jones Newswires Launches AI-Powered French Language Service, Expanding Global Real-Time Financial News Delivery - Business Wire",https://news.google.com/rss/articles/CBMigAJBVV95cUxPU0dlSkpfMkdMRUlHdXk5TE45TzdLR2ZnX3Y5MFo2UlpOclFNd05UWmNYVjUxUEFhMXBtT2dtZnRkVzdOaEo5UVhjNU8xZXFTdWczbVFHWlVqNVp6V1JfanlzUXp3UHVwZDkxV0ZkRFB4Y0kwNFFxX3FLd2FkVlJ4U25ydUhyYmNET0ZqbW0tc1dYS1dOQXRTa2tPVUxXVVVSQUxxUG9ESnBROHFnUmZWZDdDVWY4YUxXTFNJOTVObVNvVWNzZUdxVXBDVTMyanJHY28wSGlHcGprb1hIZmVRenp3OGZ4b2MybUhRZTVjMml6RS02MnBpYjJ6cm9zZDJT?oc=5,"Thu, 17 Jul 2025 07:00:00 GMT",2025-07-17 07:00:00,Google
"Markets News, June 30, 2025: S&P 500, Nasdaq Rise to New Highs; Major Stock Indexes Post Big Gains for 2nd Straight Month - Investopedia",https://news.google.com/rss/articles/CBMib0FVX3lxTFBuNnBNWURCT1dycmNEa19Ya2R5eHhLdVQtXzVTYm9qTkNRT3BYWU9XSlRqWk45eDVaQXhEYVY4NXNoTnFMYjdIS0pxVU8yME9xNHc5VWhIcmxIRjFxVHhhdVRoWjlRdVB0bVN0eVVrdw?oc=5,"Mon, 30 Jun 2025 07:00:00 GMT",2025-06-30 07:00:00,Google
"Stock Market News, July 2, 2025: Nasdaq Rebounds; ADP Report Is Soft - The Wall Street Journal",https://news.google.com/rss/articles/CBMijANBVV95cUxPMk5oOVk4RlowbnhqaEkwblJWMkdxZ3pGcjZ1cF9sQzVyUFhZNXdHTlAxd1hqbG1HSWtrNUZSb2h5R296eEtrNVZFQ1hfRUxEckJVTXp5RnZqQWJwSkx4WlA0aTBRMUQ2RVZwdTNVVWE4WDZKZTFHZGdjeU5XQmwzX0JneGR5RndpNDR3aFRsUmhSNDBUOEZ5QWh6aVZ5MFZLdEZBTG02M3dJNklOcVhaMERIYXRnQ2dCVVlWb0N5aTlJUG10M210cXhXNFlOSWdwQk1TUGRDaV9sWDA3bW4xbF9oLWZXQkdMNnM0c29od0tmMEVDMXJUeVhQVTFxOHE2T1J6VjJ6QmxuTXVsd2xhY2tVU2Zic19vbkpfaGRQdFlsWXM1U3lidVNfU05SeHFVM1AzWG5sc3NYZC1SVG9zTk8zMW01ZG4wcXBEVHJnTjMtU3JKcjBsTTROYU5tUTVYOU9IYTYxakxoczhfY1gtSm1lakxweFZHVWFmckg2OVJVWjZsdUw2ZERmTHk?oc=5,"Wed, 02 Jul 2025 07:00:00 GMT",2025-07-02 07:00:00,Google
"Stock Market Today: Indexes Rally Into The Close, Even After Trump Ends Canada Trade Talks; S&P, Nasdaq Hit New Highs (Live Coverage) - Investor's Business Daily",https://news.google.com/rss/articles/CBMisAFBVV95cUxQX3VvOUw0aG9FM0RMVmhTSlotaEdNM1pYVmdVYnRNVGh4U3JUREF4ZThwQl9Lb0Etd3EyQkVLUV9uMlVUTEpsTkluLU9LRjhMNHFxYU9wZzNJYmdQczZud1FZbk4zVmp6STVVODJCRmtPZy1zZklXUG1WZG5KUmJLeXdrN21LVXhCMWR2bEhOR0RQY2VSUnMxZF81cVJodUpuOUlYNG5ZY3hmM2dMNDR1bg?oc=5,"Fri, 27 Jun 2025 07:00:00 GMT",2025-06-27 07:00:00,Google
"Futures Fall, Oil Climbs After U.S. Iran Attack; Robotaxi Is A Go - Investor's Business Daily",https://news.google.com/rss/articles/CBMiyAFBVV95cUxNY3EzUmR1NWlQNDFGRkFadkdUb0tva3k3UFlJQWhFd2dIYlhZMWdCUlc5bkV5ZE9IS0VMZDhwXzM0NlZmZVRFbjU3aHI2amt5WkdJN0JXbi12bTRYeHlqeWZaRFh5RU8tSWN1U05IVUxERjVWQkZJS1BMNU1VZFN5SkltQXUyMEhHMkdQdTQ1REh6VW44bnZTQ01XcGs2Wl8xU05GcWxqcF9zTTVsSkVsR2lYSFdNR2x1SjNhTUFXdEtjQXBOR3RSaw?oc=5,"Mon, 23 Jun 2025 07:00:00 GMT",2025-06-23 07:00:00,Google
"S&P 500 closes at a record Friday, overcoming even more trade angst: Live updates - CNBC",https://news.google.com/rss/articles/CBMid0FVX3lxTE83NzFMU2NvNTI2MWROUUZXNkltRkQ1ZUkxNTQwYi1sZ2JLckpDU2lLbGs4Mnk3aFk4QWJ3amw4SzU0a2FQck4wbzZ5cm9ZQWNyTFhNcC14d1RKYU1tVGltWmFzVnQtUHR4dGVHRHhxQnZEalVDbFVv0gF8QVVfeXFMTnUxX0EwRVJ0cXhOaTQ5WHZxZEdxSGRnVEg3MlFHUzNfNk1LUUtpYmZ1WTZfUWdFbTZ4N2xYRjU3TFlVQXoxTEthS1FqZGFfWk1kZXZ3U29UMW9tVzkxNGhvdjNGNXNvdXVwWXFUWEtiMEItV2NBQm8zR0ZaMg?oc=5,"Thu, 26 Jun 2025 22:10:52 GMT",2025-06-26 22:10:52,Google
U.S. shares higher at close of trade; Dow Jones Industrial Average up 0.53% - Investing.com UK,https://news.google.com/rss/articles/CBMixAFBVV95cUxPcUxpc2J1MDBZc1VhclY5ckdDaFJIcWlielRfRDktZS0tVllwMGVySzJiLWFrMzZydEYwZlk0WlRqZ0VnblE4T3hnbG9LbDNvd0hWV25zRW82T2Q3SENHb0JiQThDNzJSTWM3V0VzWW9YVTMyRzdFLVlqV3JfY0FuNUZRNEJDaUMwTU1obllGQ01KQlFXRmNvNk5PSTZwejlCZjdidWFRZ1FVc2lOYnNFMU54Sy0tOXJzWHFjOHNldlptWUpr?oc=5,"Wed, 16 Jul 2025 20:30:00 GMT",2025-07-16 20:30:00,Google
"Markets News, June 9, 2025: Stocks Rise as Investors Await News on US-China Trade Talks; S&P 500, Nasdaq Trading at Highest Levels Since February - Investopedia",https://news.google.com/rss/articles/CBMib0FVX3lxTE8weUZFbUFVLTZibC03M2lRdXlxUFJHLUZnWWZaMUNwQ3Voa19ZUElCVDRaeHpHZWtGN19ub2NoMzkyd0M0bk1iRnQyR19mVDI0Z1V5YkVTZlJRRVMtTmZZd3dBRlJrVFJXNFFKQ1VOaw?oc=5,"Mon, 09 Jun 2025 07:00:00 GMT",2025-06-09 07:00:00,Google
Dow Jones Forecast: DJIA rises with inflation data & earnings in focus - FOREX.com,https://news.google.com/rss/articles/CBMiugFBVV95cUxQRllnX0h3a3FLRWh4bm1RWFQ3amhNWTBsbHFJMnR5MjZTdUZkTmpjYXpEUHFJTWdtWXpUc0ZCM0Qwdl9SRy1uTXFSM184Rm1QTC1TaHljOHdNRUFQT2pjX0hFYl9VMWhPdEJDU2psOVpEd25ac05OQThfbkI3SWt5Yi13b01ma1g4aWsxZjh3a19jaXdZZl9GanVVWnYzM04tQ2ZRc2lpUVlxWXNjRmZyRHFwblpIeGd1NGc?oc=5,"Wed, 16 Jul 2025 14:11:29 GMT",2025-07-16 14:11:29,Google
"Stock Market Today: Dow Jones Jumps 500 Points, S&P 500 Rises On Trump Ceasefire, Powell Holds Ground (Live) - Investor's Business Daily",https://news.google.com/rss/articles/CBMipwFBVV95cUxPWUhBTzIxQzBLS3ZTSWNXbDVJZnVBVUdkOWgzTGV2TVRXUnBySUtQTU9tdHBMZm41Vm1jcTZtU092RUV3Nlo1dTgtWUd5RHRKbnZtVlpuRU9FVWxWLXZYb3lVOHFyeU9YYmV3cXVacjVuUElEMXctcllIel9teUZfQkNhR0lEQThVbmxFamhKWUprTGY3Q3JlSDhjNGVRWHQtQkdhOVpoZw?oc=5,"Tue, 24 Jun 2025 07:00:00 GMT",2025-06-24 07:00:00,Google
"Markets News, June 4, 2025: S&P 500, Nasdaq Inch Higher to Extend Winning Streaks to Three Days as Investors Await News on Trade Deals - Investopedia",https://news.google.com/rss/articles/CBMib0FVX3lxTFBJaGo4ejlOeThjaUs5MnNhdmJ6aDJKejlBQTQzYjlFaXRVV0xsSDlDU1EwWGV2ZDhzVWFmY0NBRnIzR1ZfcGpndWR2S0cwZTVkWVpra0NuVXdTS20td2M3eEJkcnhUTHFjTDYyQ2Jvcw?oc=5,"Wed, 04 Jun 2025 07:00:00 GMT",2025-06-04 07:00:00,Google
"Dow Jones plunges more than 1,600 points as stock market recoils from Trump tariff shock - CBS News",https://news.google.com/rss/articles/CBMie0FVX3lxTFBlUzRpVFE5d3FyZ2oyeS1RakkyOGp4N0tOM213bDJ1QnhLdENNX2thU2ZQaW11b0JYOUNyMkl1V1NueTd6UG1VanA3NnZtOW9NSmJvOXRtcGVvMnd5akdBS2dHaVZ0TkVLeHM0aGljd0JoamFFeXpFRFhnd9IBgAFBVV95cUxPcG84LUtFNFMxa2RQZklZWDYzTERScklxeWpvUUJSN2x6UmZmanlJUXdJVC0xYVZseENvRUY3M3V2NTJ0OHF0WXdGV3BMLS1RdlBCaERtdUh0ZDZCdVVLNnczRjJsOHhBNHlyS3JFUmluaFYwQk9naFJnTDZmSmpDQw?oc=5,"Fri, 04 Apr 2025 07:00:00 GMT",2025-04-04 07:00:00,Google
"S&P 500 posts third straight losing day as traders eye Middle East tensions, Trump’s next steps: Live updates - CNBC",https://news.google.com/rss/articles/CBMid0FVX3lxTE5HUjdpRFJmNkZ0eFBjVmtXMVZSNVBSV3J6TmF4ZmZBa0M3enppcDdGV000eHJvelBXNV9LYm1OLVFsekhRcXVZTGMyUkNwV3VXeGV3bGt4bW5CbUpqdURoUFhISTNiM2RoNS1WNlJyNmtBamZ0Q25J0gF8QVVfeXFMTkdWMmdpZXJHUE9QSVNQR3VTMzk2MlZZSF9MaGNtS19CNnhHQTNjUnZRSDJqTlE3STJpdlJXcW1ZQXhocmE2MmFtUF9kRHRONC1DZjRFWUVpT2xyQVhxSWpTYW94cWVncDl1TjdSZkQzcnV3cjNEZi1NY0NPcw?oc=5,"Fri, 20 Jun 2025 07:00:00 GMT",2025-06-20 07:00:00,Google
"Stock Market News From June 18, 2025: Dow Slips After Fed Signals Two Rate Cuts This Year - Barron's",https://news.google.com/rss/articles/CBMidkFVX3lxTFAtdkJLcmVlWTJFUjhUUExyZmtoeFJBU2dGZFV4S0k4clozenBRMEdoQmdzNW83YnluSkRrY1Jza3pZNFRtMDZVclNfUVRHVXFwX2l1Qk9mWjB0TzM1ZUpiWmRUTG1OcVpFcy0yckZERkVJeHE0Nmc?oc=5,"Wed, 18 Jun 2025 07:00:00 GMT",2025-06-18 07:00:00,Google
Stock Market Today: Dow Slides About 300 Points As Trump Holds Meeting In Situation Room; Palantir Does This After New High - Investor's Business Daily,https://news.google.com/rss/articles/CBMilwFBVV95cUxPMmV1S29pTmxtV0FuX014UFloRFBFLVFUUXVRSHZDNTlTQ0JzMGprOTVxVVZEcWxsZFlZY2pFWU1JcFF5Qng1blp5dm5yeXJtTWFwbS1yZUFkSFg0UVFLcVFKZDMtNXg2cUswTVZwQTdLamFaYUR6V2FkOVNUb2Z4aElXc3BwTXNBR1NseVZGSE1VaC1VVVZn?oc=5,"Tue, 17 Jun 2025 07:00:00 GMT",2025-06-17 07:00:00,Google
"Stock market rout deepens as Dow plunges more than 2,200 points and Nasdaq enters bear market - CBS News",https://news.google.com/rss/articles/CBMie0FVX3lxTE1TcktVSXdNcnJDRVdaRE95bHltZ2VGWThHX0hUazEyMGhIX1pOajlHUF9KUjZESnNzdmlUOUJYbUxJemN4VEFIMDlFWUE5Q1dVaFkyS1RmQmRUdEJfajdsY2VYa281MkFoMXhaSThJTmlKZlR4TS1vTkU1MNIBgAFBVV95cUxPNkhIZ0QyblB4emtwWEptMWw1M1NndWRwcjRlZXRRWnVqalZ2cFhub2hNcHQ3T19RUzVmMjJUXzNTTWpqamk3dW05Qkgxd05tVTk0clpvUmNDQlBpWnA4RU0tZmIzLXBGNmlvM3BwdDBiT2FjaUxWRkhTSGxkV3kxaw?oc=5,"Sun, 06 Apr 2025 07:00:00 GMT",2025-04-06 07:00:00,Google
Stock Market Today: Indexes Mixed After Trump Chip Scare; Volume Up At Witching Hour - Investor's Business Daily,https://news.google.com/rss/articles/CBMipgFBVV95cUxPNG5ONTlPazJkblFJcFozU2hGTE1kUmViend4RjlSSTRsQ2trWlF2MWZTM2pJRGxVM18xX2xJLWtYcUszQWhWbDhoaVJubHFwQkR1cG5tZGQzWGZ1d1RXd0dKTThmazQ0cDVZTXJRZXN3SGV4UC1ua1NfZ0djemN2RDBra0oxV25McDBaZUVNZVExeUVYS0VtTkZJalZ3MV9JR0VfRjFB?oc=5,"Fri, 20 Jun 2025 07:00:00 GMT",2025-06-20 07:00:00,Google
"Stock Market News, June 11, 2025: Dow ends flat, S&P 500 and Nasdaq snap 3-day win streaks after report Beijing put time limit on rare-earth exports - MarketWatch",https://news.google.com/rss/articles/CBMi0gFBVV95cUxPQzlyOFhsWGpJQl96LU55Rm1fc002Z3hKOGJLVmRaaG0zS3A4WkVwVHk3eEJ0ZTNXNEc2WXQ1WDJyWXVpcUtLekktQlJYNE95VVhhejktZ3BkMm1iWDktS2JwcHF1QTZHWjlxOVNqZU50eC1vMzVfRzhLNWU2bGJCOXlydmZEVU53djhfM1FBR1RFNWd6bTIzZnpTX1o0UUxjeW9pVXJHdEpBSUloYlVyUEhiTExkOWlNdjJQYmpmSHBRZkNrc2hHSVF4clU3d3VfZnc?oc=5,"Wed, 11 Jun 2025 07:00:00 GMT",2025-06-11 07:00:00,Google
"Markets News, June 16, 2025: Stocks Rise, Oil Slides as Investor Concerns About Israel-Iran Conflict Ease; AMD Leads Chip Sector Rally - Investopedia",https://news.google.com/rss/articles/CBMib0FVX3lxTE13SVo1R2lKV0hxMlBjNWVtdDBadDUyY3g0UllRc3A2S093TGpsem5VMkp0UVZXTk15QUtfOVp0Uk82R1BlVTBsM3BNek5ja0ZPSTRqM1lHNDJNMkpXYk1WYWtnYktaUk1aUWJfcDhwZw?oc=5,"Mon, 16 Jun 2025 07:00:00 GMT",2025-06-16 07:00:00,Google
"Markets News, June 11, 2025: S&P 500, Nasdaq Edge Lower to Snap Three-Day Winning Streaks as Investors Digest Latest Trade News, Inflation Data - Investopedia",https://news.google.com/rss/articles/CBMib0FVX3lxTE1fV3RrSVFTdGJBU19KdkwxTWd5M3EyWDJ3NHBXNEpVNktLQVFoTXhVNFNOclQ4X19LQ3VMekg0Q1JJWDhET1liRUs4SzlqY0RKQ3FYMUVoaWFRYzk2VGJSbTdqVEUtRllLdmtpanM0Yw?oc=5,"Wed, 11 Jun 2025 07:00:00 GMT",2025-06-11 07:00:00,Google
"Stock market today: Dow, S&P 500, Nasdaq end volatile week lower as Wall Street braces for US-China talks - Yahoo Finance",https://news.google.com/rss/articles/CBMi5wFBVV95cUxQOFhaNld2eXB6SGJQTmtvOVlwOC1YV3M2NnNWZ0x5NERTaER1QnY0VlQxai1abkpRN2dIbjFNZDVRVW53STVYTWtBSTFWZ3dmcnY1ekw4ZVUxYVdRdHlCRGFtOFFwMmlBeGZuZ3JwcGZKcFNsVWpYc05NZXFfdlk1V0I5a01mWGNySkUwcWxqaS1OdHNXcTVfX2Fjc1dmUm1NZm4zc0lFUWc5N1lRRk9ISWllTjFaV05xZ1ZNOFNrMUpLY0hFTXl1MTVSOWlieDFhd2JMRktWLXNzSWhKWV9HNFdzSk1BMGM?oc=5,"Fri, 09 May 2025 07:00:00 GMT",2025-05-09 07:00:00,Google
"Markets News, June 18, 2025: Stocks Close Little Changed After Fed Holds Rates Steady as Investors Monitor News on Israel-Iran Conflict - Investopedia",https://news.google.com/rss/articles/CBMib0FVX3lxTE9wUjQ0dlNBeWVFdnRfdUw0emZVdWdiZENmT2hjc0Mxc01lWTRvZ0xWWHYtak9SN0s3YnJsMDJBMzRkZlFvTEc5cVlxZEZXd0h6cWtpMnFTUzBjMHZnUWExRTJuUzlvbEROaG9QOWdKSQ?oc=5,"Wed, 18 Jun 2025 07:00:00 GMT",2025-06-18 07:00:00,Google
"Stock Market News, May 20, 2025: Tech Stocks Fell, Snapping U.S. Market's Winning Streak - The Wall Street Journal",https://news.google.com/rss/articles/CBMijANBVV95cUxPYS1ZeTJYNTlfcktnMTFLUEgzcVctN09wWWo3R0M2X2loN2NyT3M4a0JyaHU5TWJTN0FYdmF6enhZT0hyd01pcVMtd3B1bEM1aXZvRjVjcVFYTjRXTlphU2ZiUzNzTHcyd0Fua3lfcEhFS0hlRzBCR1hYNTdiNEZldVUybGNzd0kxeERxc1JhcTlmZ0p3YzFpMV83cnEtQ1h0LU5SaUZfRFhUWklxVGRFNjdWaGxTbTF5MFNrYU1Nd2g3VzRMb3BXbml2Yko0Sm1TLTBJeU1rclM2Z3RSY29EUjVhUWctUDFMUDZkdGdobVNTdTlKV05RbFRVeGNhbHU4ZndoZ3ZWV1k0VG5icTZ6TWo2enVFaU4tYzZVQ2xfZHZidWhGeVE5V1Baa3FCbVNwdFBER3hkUDViT2VhSkdWeU5rOTBmTS1wSVRlOUQ0LUxldVhyU0pfNFZSbUFjaWExQU9WTkJjcmdhbjN6enNKM0VUa2xqY0pjVDhQUHkxOEtJRXZCSU5wWnhFVk8?oc=5,"Tue, 20 May 2025 07:00:00 GMT",2025-05-20 07:00:00,Google
"Stock Market News, March 17, 2025: Dow Rises Nearly 1%, Building on Friday's Gains - The Wall Street Journal",https://news.google.com/rss/articles/CBMiiwNBVV95cUxON3QzY3NqZmt3VXY3aFFpbDdRbkItbS00R0U2WF9NZEsyNnpTcTZYcTdHSmlhY1I3WTFEd29veFdIbXhvdzNhYWFfVUh6bHo0WVBESlBSY1hBbXJhUDFVNy1vYm9LelN6M3Y0bWpYQ1FBbjRnWVo3VkhBUmt0Q1hvUWdneldTXzVKOEF4c2lmZ05hUS10VnJTb2tuSVZQQ3RTRm1YRUZZR3hmZU9TSzJFMjVTeU9kVXQ2enRzQ1pmcmU5Q0Z6d19iUUpPc240WVEwVE1RcGhtd3JTU2R0MW1mRmo2N2gwTkp6UklCZGJ6SFpkUmtuUEhrcDlVVFg4OV9FNEFqSUZtODdHWnVtYXdfT2gzckQzNUxXbjlVS0hEeU5KUXVGWUNaNFdGa2ZxcDZMMUxBa0ZaN3EtQkNvd0VoUkE1QkdDcnVPbnBpVlRjNGdVNFN3YVA5Nm1EcXVselh4cEVuWGRrUU9sNVk0YXRjQkhpc2h3WHkyci12WFZRc0Z4cWtja3ctOXRGUQ?oc=5,"Mon, 17 Mar 2025 07:00:00 GMT",2025-03-17 07:00:00,Google
"Stock Market News, May 21, 2025: Dow Falls More Than 800 Points; Bonds Extend Selloff - The Wall Street Journal",https://news.google.com/rss/articles/CBMijANBVV95cUxNNGFiaV94bjlPVzQwczM2cjM0Nm9LU3dSazVBS1QtZmpSZ3loZVRqdzI5UHcxMGZkUGRrYWZxS2VSSVl1amE4V0xDNVI5Snp2d1FGeFVjVG9McVRKRDRQNmRKSHBIblJFY3UyT3IyZWVERmdNaTFvWTEyTjQ1OEVHdDJFZTBKQ1VvRE1Bd1Q3TGFWM3E2ZkdFSnMzWEhzTGRSZDVkR2kzbFYyUDJnTlBkd19SN2dxcEtSLVNyT1RBaUh1b2RDdWhEMDQ2cWZhSEQ5QmdhZ2VSS0dLenoyNnEtSEdFTERydTlZZWE2U2hVOWFaNk5iWEtNN192M1pGVFFfTVNwT1pBWjY3NzZaWGFkb250ckIyWXhWbWJ6NHY3UUp6YzlNaUpnNTRmZTRUREVodk82ZVM1RzBiREhyRTJad1FpUlJHUktzY1FidmNLVEdYclIxZ3lBN3NWSWRORDhQZ1pocDJfVDBsckZNRW8xU0g1OWFvbnphMnRfblVWQ0hNaXJfTnBxSVJNOVo?oc=5,"Thu, 22 May 2025 07:00:00 GMT",2025-05-22 07:00:00,Google
Stock Market News From May 23: Dow Slides After Trump Threatens Tariffs on Apple and EU - Barron's,https://news.google.com/rss/articles/CBMidkFVX3lxTE5DeXdkV19uVWFjYU5YdUp4YzFWZFZKekdJR1RZeUZwQ2t5My1udnJxNlB4aWVIbVhGNk5lelRiQlYzOXE0amVsSTZSM2ZIMHlPZU9wcjlOU1gtOUFadTVlMmVEUE9pVlQ2UjJlY2FnM2lkU3RqRVE?oc=5,"Fri, 23 May 2025 07:00:00 GMT",2025-05-23 07:00:00,Google
"Markets News, June 17, 2025: Stocks Drop, Oil Surges as Israel-Iran Conflict Escalates; Fed Decision on Interest Rates Comes Wednesday - Investopedia",https://news.google.com/rss/articles/CBMib0FVX3lxTE5QV2RESThUZVE4OUloTFkySVBWdXJ0Nk05aER0RU5hOVhCTmM3RndfZWhVMVFYcVRzZTNKWHUwWHVXLTJuTmo3SWpoWG82RzAyM1R4akZMUWY3cWVOOFBndUtZVFZfY2VjTkZyM0p4QQ?oc=5,"Tue, 17 Jun 2025 07:00:00 GMT",2025-06-17 07:00:00,Google
"Stock Market News, June 16, 2025: Dow Gains, Oil Drops After Iran Says It Wants to End Hostilities With Israel - The Wall Street Journal",https://news.google.com/rss/articles/CBMilANBVV95cUxOcjFaR3BLWEVHYzVfMl9oVHNaeVpIY0xNZXVPeXpYdzJXajF0SjBKcU5IQi1hc25Ra18zd2JENkdJNXV2QWJCY2RnandVUlNzdkh2NV95Ny1mTnRpMFhNQzYzSzU3clF6aUktbzNMSGZjSXRGZkg3MXVoR3YtX1BtNkVtLWx6WldjMUJOdWZwZ0V0QlZocVFMcGRiLXVaZXJVMTlMVnFleDI2akVIVnEyREdvRFl6RE5TQ2w1Q09jWHhELWxTQ2NORFFGV2h4ckVNVmxnWnEzWUxrU1BlVGozU3VjMmlrM1FidUhXOWxZVWZKblI2QlF6TkNyWUxCNFc5bndZeGRkTW1mZFRxQmJVY3VpeU5aWXhsVkVEZURHZG5Zb2JYY2R3a0E4VTMtMFVQQmFHR3dId1Y0Z2Q0NkpTQW03ZWY0eHBZQ3R1aC1kZ0l4MzBKd3hVaEo4Z3hCd3lyN1ktaXV3Mjk5anJRUnNmUjZqaTkxNEswVGsxSXRUc0hnUFl2dkcwa2VsOC13WHE1TlpxTg?oc=5,"Mon, 16 Jun 2025 07:00:00 GMT",2025-06-16 07:00:00,Google
"Stock Market News From June 12, 2025: Dow, S&P 500, Nasdaq Rise - Barron's",https://news.google.com/rss/articles/CBMidkFVX3lxTE5FendJSWNZdjEySm9KMGZtaUFJUVhwSnBZRWkzR09TNWtTYlRqdkdETlV1WGVsVVNNYUVBdXFCVXVSeG5hSDgySVpDc1EzY2pZQlBoQlluaGFqYnpJdkZUbWZmTng0UDI3UXNDajkybUlIUkpCR1E?oc=5,"Thu, 12 Jun 2025 07:00:00 GMT",2025-06-12 07:00:00,Google
"Stock Market News, May 6, 2025: Stock-Index Futures Bounce on Plans for U.S.-China Trade Talks - The Wall Street Journal",https://news.google.com/rss/articles/CBMijANBVV95cUxNN2tSMnl3X2hkZ3YxbjRDNV85RU9PMlJJVDRLRE1pTExmTEhGVkpsZ0REakhfNDNJNVFuQm41QlRkdkZZVDRxM3JLWWZ0YlBOWnpEMTdORGpseGlZaTNKWVpCSEwxR0xJRU83UFNMTU1ORVhjdUhVaGp3WXFwMWFMTWRIbHpTWGZrTGpLblQwVjFhbEhXTXpGUHpCY2h6RlRKTEZuSXQ5YWJTRDk4ekdRSjNZLUdmaEJZaXdzb2l4ZDdYVWd4YjQ0bmlyQXY3SmNXTmdFbmV4VXNiTGVTNXFUNGFlUmFvb285a3FNMmhUTldnUFhhaHZ0Z3FHZUttOW5QWTVtZHlCM2hkZzdRU1VsakdURl9DQWU5VHkzWkZOcDNzUzZIVXoxbF8wODlDQnRFelctMDRndWVZRlZqZ2F5RWpSazMyMjFSNVdFeHN0dXZUQWd1ZzRkRE5rbmNoVWdGZjZMOFNoeXFQb2FVQXNuc29SU2Fldzd2a1RQdlhBSi1HSzJBM1hfLU9aVU0?oc=5,"Tue, 06 May 2025 07:00:00 GMT",2025-05-06 07:00:00,Google
"Markets News, May 27, 2025: S&P 500 Snaps 4-Day Losing Streak as Stocks Surge After Trump Delays EU Tariffs; Tesla Soars, Nvidia Rises Before Earnings - Investopedia",https://news.google.com/rss/articles/CBMib0FVX3lxTE5laUNKNVpwN0dTdGdUeF93WlFGc1FSRG5fQmROcXlNU003MFF0SXVfeHFSSEVIWUstTjU0X282alVHOTZpOGplaUU1OHk5U01HaGkyT0tfUXVjbE1lSV85WmhPZDBKeHZYOERLTTZ2Yw?oc=5,"Tue, 27 May 2025 07:00:00 GMT",2025-05-27 07:00:00,Google
"Markets News, April 28, 2025: S&P 500, Dow Extend Winning Streaks to 5 Days as Stocks Rally in Late Trading - Investopedia",https://news.google.com/rss/articles/CBMib0FVX3lxTE1weXQ2U2YwTHVSem5LRVpqc0lCMHJINmRjZXFRWGtYZEhKcTVTWF95eG9ERmR5NmRVcWx4VE92TDVRY2RFdUFzTEtqVkttQk5IaFhXckxjejQzcEtYZElrZHJ0NG1CS1lWOUtHb3AxTQ?oc=5,"Mon, 28 Apr 2025 07:00:00 GMT",2025-04-28 07:00:00,Google
"Stock Market News, May 22, 2025: Bond Market Shows Signs of Stabilizing; Nasdaq Rises - The Wall Street Journal",https://news.google.com/rss/articles/CBMijANBVV95cUxPVmRRbmx4cnMyNnpJYVNmeG9vdVRCTGo4Nl9rYXhQNlc5d0FVMEtLNzRLb1Q1YVB5QlU0TmpQVHRibmpDWWFUeGFPYzI5RUFjaDRrT3dnS05nT2ZyQ0NNR1hIZG1RdGlSbldZbG1rM3F3YWJKb214V19OVW4xeU0wSC1TTi1PNUhYRTJHVXVpbW1zOXVvMURNdUc5b1NPSTJZRDlhNGVHeUkzMjdZOV9uYlVBWFNYWUxwdzNBNWZFTUFoem1KVjFHTnhORE5xTkJOY2g1T3lyOTdwbkp2NEhJTDMyOHRGRDNmelVVN3dBOFQyQVZtTjllY3BGc0NWOGNXOG1MRm9CS0NnMTA4ZTJKckVVWTcxbmhPVHdmbk51Mk1kNHVNbDF2YnZKR3k3XzM0T0M1TjctQmFhVms0RkVhNW9CaXUxLTB4R3lpc1VfaDBhYS1XRWtxOFhwTi1uazBIYmFLNU5CQkt0WWJHR1FBNjVEeVQ0VjNqMU9sbGhKQXhmYzhRajJ0X2xTNEg?oc=5,"Thu, 22 May 2025 07:00:00 GMT",2025-05-22 07:00:00,Google
"Stock Market News, May 5, 2025: S&P 500, Dow Break Nine-Session Winning Streaks - The Wall Street Journal",https://news.google.com/rss/articles/CBMijANBVV95cUxNc216ZFlfYU1MQUJVeUpaS092TGFoNFRtMTQ4NzBmZW81T2daZ29KbUdrbjJReWxzMDlZcVVSd2dUZjJFTkl2T0lvTU12dkNMaEd0TTZvVnlGenljcU5yQ0YwZTFYVllrMjdfMmIyVm1USHZIcnM2aGNFd1g3NzlvYk51NTRjVk9CMmUwa016NjBqUFRaektjeFdvX2VEXzZLSjNmRlNPbWUySXZSeU9HSDFZTDJMUWlEakhQVlVaUElsMUF3T3NpTzFWZmpKOWVPWDQ1Y3hlX2dVc2ZLNE9fVGlXQzEwWXI5cXhOc1RQN0ZyN3NVM3RGcHZmZmRiNkZ4dGpqSFNwdU9haGpRUnZrU0YxclRyVWtoZlBZRmFZVTZaM3Q5OFBFalBxZEVfQU11eFAzWl9DcHVITzZNMW5KNkNubndjN3ZWbVpQQVhmd1NpYWVXajBZOFhQR05MX1RDYmRjaGc4eGlGS3dBeTFfSTFNak90eWxJeFlfdlpfMDRyR0JZa29STEw5OUI?oc=5,"Mon, 05 May 2025 07:00:00 GMT",2025-05-05 07:00:00,Google
Why One Stock Sent the Dow Lower on Tuesday - Investopedia,https://news.google.com/rss/articles/CBMikAFBVV95cUxQWmRtMmstODdVbGp6dXNzVjkwSG1RWS12ZmduSUFFT09CSTNGb0hWVDhPVGs4XzViUG9UNUV5ZkltV0NSZ096Q3VYWVRWYVBBeUoxNzNkVHNFeUZrRDJiR012QzE3VkdVYjh5YVRycnhpODJ4YXVuazM2d0FSbW9lQzBlajl2eXpta044c0hnRlU?oc=5,"Tue, 13 May 2025 07:00:00 GMT",2025-05-13 07:00:00,Google
"Markets News, May 28, 2025: Stocks Close Lower Ahead of Highly Anticipated Earnings Report from AI Chipmaker Nvidia - Investopedia",https://news.google.com/rss/articles/CBMib0FVX3lxTE5LTm4tVGhhOEI2czVLTDdkVktqbllOZ1dBWDZfd211aWV4ZjM0bFBweTFOSElWOWl2RFVqYmxxZDdSMmZWOFZhcWppY2ludllNckxuZUJ2QUY1NzdOSGZmWUdDRV9rcjVQeVNaTTNlQQ?oc=5,"Wed, 28 May 2025 07:00:00 GMT",2025-05-28 07:00:00,Google
"Stock Market News, June 3, 2025: Nasdaq Moves Higher; OECD Cuts U.S. Growth Outlook - The Wall Street Journal",https://news.google.com/rss/articles/CBMilANBVV95cUxORkhsMlFVem4wTWtBcExORnlBcGF0QkoxZmhoVW5sUzdxT0oxaFZwdEhYZXFIYy1EQXhWcFg3aloyUHQ2Ykp5VHJXT0NMWXBfNzBqbHBwdWd3QzRiZ3dObkV1TVBzWXFHbnBPUmlIek1LWEROWEUzaTc3bUs0UE1vNDFaNmJnOEtCOTZZdDNZNmdiamE5a2d1d3FjSm9FcnJfcFA5V2VTTmRWM2FrZXgxeHNrMzhBRmtORnpVRzd1Mk1FUmJNS2ZsVkEtRnNuS0MwTG1vWFE0Q01Ja0FSTFNtd2dMT3V5ak5GdHJlUDQyWWNaZjZ0dFVob1pLYnFxWmhnQWVpdFNrRW91UDJwMmVkSGtoNFMtOExMRzZYcHNnQTFBd2puUU5jeDZxaFFZOGNnazRSNk5MR2YtbjRoR0x2WmhpRklkaHFiN0xHU09SS21yZzJONTR4MVVCdndmaHpYb2tKeVVwV3Zqek1fbnRQVVJUVndkdnB6YUlmT1hfT1FCUmN6NTVFMU5ZVTMxOGdWVFVQQg?oc=5,"Tue, 03 Jun 2025 07:00:00 GMT",2025-06-03 07:00:00,Google
