headline,date,ticker
"ROSEN, RECOGNIZED INVESTOR COUNSEL, Encourages Block, Inc. Investors to Secure Counsel Before Important Deadline in Securities Class Action – SQ",2022-10-14 01:30:00,SQ
"ROSEN, RECOGNIZED INVESTOR COUNSEL, Encourages Block, Inc. Investors to Secure Counsel Before Important Deadline in Securities Class Action – SQ",2022-10-14 01:30:00,SQ
"ROSEN, A LEADING LAW FIRM, Encourages Block, Inc. Investors With Losses Over $100K to Secure Counsel Before Important Deadline in Securities Class Action – SQ",2022-10-21 20:53:00,SQ
"ROSEN, A LEADING LAW FIRM, Encourages Block, Inc. Investors With Losses Over $100K to Secure Counsel Before Important Deadline in Securities Class Action – SQ",2022-10-21 20:53:00,SQ
"SHAREHOLDER ALERT: Pomerantz Law Firm Investigates Claims On Behalf of Investors of Block, Inc. – SQ",2022-10-27 03:35:00,SQ
"SHAREHOLDER ALERT: Pomerantz Law Firm Investigates Claims On Behalf of Investors of Block, Inc. – SQ",2022-10-27 03:35:00,SQ
"ROSEN, NATIONAL TRIAL LAWYERS, Encourages Block, Inc. Investors to Secure Counsel Before Important Deadline in Securities Class Action – SQ",2022-10-28 23:14:00,SQ
"ROSEN, NATIONAL TRIAL LAWYERS, Encourages Block, Inc. Investors to Secure Counsel Before Important Deadline in Securities Class Action – SQ",2022-10-28 23:14:00,SQ
"BLOCK INVESTOR ALERT: Securities Litigation Partner James (Josh) Wilson Encourages Investors Who Suffered Losses Exceeding $50,000 In Block To Contact Him Directly To Discuss Their Options",2023-03-25 12:10:00,SQ
"BLOCK INVESTOR ALERT: Securities Litigation Partner James (Josh) Wilson Encourages Investors Who Suffered Losses Exceeding $50,000 In Block To Contact Him Directly To Discuss Their Options",2023-03-25 12:10:00,SQ
Moody’s Investors Service affirms Dovenmuehle’s overall rating as an ‘above average’ residential mortgage loan servicer,2024-03-27 11:36:44,SQ
Moody’s Investors Service affirms Dovenmuehle’s overall rating as an ‘above average’ residential mortgage loan servicer,2024-03-27 11:36:44,SQ
